id,name,position,team,bye_week,adp,pass_yd,pass_td,pass_int,pass_2pt,rush_yd,rush_td,rush_2pt,rec,rec_yd,rec_td,rec_2pt,fumbles,pat_made,fg_miss,fg_0_39,fg_40_49,fg_50_59,fg_60_plus,sack,blk_kick,def_int,fumble_recovery,safety,krt_td,prt_td,int_ret_td,fum_ret_td,blk_kick_ret_td,two_pt_ret,one_pt_safety
sleeper:9509,Bijan Robinson,RB,ATL,5,1.3,0,0,0,0,1372.0,9.0,1.0,64.0,537.0,3.0,0,2.0,0,0,0,0,0,0,0,0,0,0,0,0,0,0,0,0,0,0
sleeper:7564,Ja'Marr Chase,WR,CIN,10,1.8,0,0,0,0,16.0,0,0,109.0,1345.0,10.0,1.0,1.0,0,0,0,0,0,0,0,0,0,0,0,0,0,0,0,0,0,0
sleeper:4866,Saquon Barkley,RB,PHI,9,2.2,0,0,0,0,1220.0,8.0,1.0,35.0,265.0,2.0,0,1.0,0,0,0,0,0,0,0,0,0,0,0,0,0,0,0,0,0,0
sleeper:9221,Jahmyr Gibbs,RB,DET,8,3.4,0,0,0,0,1191.0,10.0,1.0,60.0,508.0,3.0,0,1.0,0,0,0,0,0,0,0,0,0,0,0,0,0,0,0,0,0,0
sleeper:3198,Derrick Henry,RB,BAL,7,5.1,0,0,0,0,1406.0,12.0,1.0,15.0,121.0,1.0,0,2.0,0,0,0,0,0,0,0,0,0,0,0,0,0,0,0,0,0,0
sleeper:6794,Justin Jefferson,WR,MIN,6,5.9,0,0,0,0,6.0,0,0,89.0,1165.0,7.0,0,0,0,0,0,0,0,0,0,0,0,0,0,0,0,0,0,0,0,0
sleeper:6813,Jonathan Taylor,RB,IND,11,6.3,0,0,0,0,1385.0,11.0,1.0,36.0,278.0,1.0,0,2.0,0,0,0,0,0,0,0,0,0,0,0,0,0,0,0,0,0,0
sleeper:9493,Puka Nacua,WR,LAR,8,6.8,0,0,0,0,55.0,1.0,0,107.0,1400.0,10.0,1.0,1.0,0,0,0,0,0,0,0,0,0,0,0,0,0,0,0,0,0,0
sleeper:6786,CeeDee Lamb,WR,DAL,10,6.8,0,0,0,0,16.0,0,0,96.0,1249.0,8.0,1.0,1.0,0,0,0,0,0,0,0,0,0,0,0,0,0,0,0,0,0,0
sleeper:4034,Christian McCaffrey,RB,SF,14,6.9,0,0,0,0,984.0,7.0,0,70.0,606.0,4.0,0,2.0,0,0,0,0,0,0,0,0,0,0,0,0,0,0,0,0,0,0
sleeper:9488,Jaxon Smith-Njigba,WR,SEA,8,7.9,0,0,0,0,33.0,0,0,99.0,1343.0,8.0,1.0,1.0,0,0,0,0,0,0,0,0,0,0,0,0,0,0,0,0,0,0
sleeper:8138,James Cook,RB,BUF,7,8.9,0,0,0,0,1270.0,11.0,1.0,31.0,268.0,2.0,0,2.0,0,0,0,0,0,0,0,0,0,0,0,0,0,0,0,0,0,0
sleeper:12527,Ashton Jeanty,RB,LV,8,9.6,0,0,0,0,1152.0,8.0,0,50.0,383.0,2.0,0,2.0,0,0,0,0,0,0,0,0,0,0,0,0,0,0,0,0,0,0
sleeper:7569,Nico Collins,WR,HOU,6,10.0,0,0,0,0,16.0,1.0,0,76.0,1144.0,7.0,1.0,1.0,0,0,0,0,0,0,0,0,0,0,0,0,0,0,0,0,0,0
sleeper:11632,Malik Nabers,WR,NYG,14,11.2,0,0,0,0,17.0,0,0,88.0,1127.0,7.0,1.0,0,0,0,0,0,0,0,0,0,0,0,0,0,0,0,0,0,0,0
sleeper:5850,Josh Jacobs,RB,GB,5,11.9,0,0,0,0,966.0,9.0,1.0,35.0,272.0,1.0,0,2.0,0,0,0,0,0,0,0,0,0,0,0,0,0,0,0,0,0,0
sleeper:8151,Kenneth Walker,RB,KC,10,12.5,0,0,0,0,1063.0,8.0,0,37.0,272.0,2.0,0,1.0,0,0,0,0,0,0,0,0,0,0,0,0,0,0,0,0,0,0
sleeper:9226,De'Von Achane,RB,MIA,12,13.6,0,0,0,0,1070.0,7.0,0,60.0,460.0,2.0,0,2.0,0,0,0,0,0,0,0,0,0,0,0,0,0,0,0,0,0,0
sleeper:7547,Amon-Ra St. Brown,WR,DET,8,13.9,0,0,0,0,16.0,0,0,106.0,1249.0,8.0,1.0,1.0,0,0,0,0,0,0,0,0,0,0,0,0,0,0,0,0,0,0
sleeper:11631,Brian Thomas,WR,JAX,8,15.8,0,0,0,0,16.0,1.0,0,59.0,858.0,6.0,0,0,0,0,0,0,0,0,0,0,0,0,0,0,0,0,0,0,0,0
sleeper:12507,Omarion Hampton,RB,LAC,12,16.5,0,0,0,0,1015.0,8.0,0,48.0,364.0,2.0,0,2.0,0,0,0,0,0,0,0,0,0,0,0,0,0,0,0,0,0,0
sleeper:8112,Drake London,WR,ATL,5,16.8,0,0,0,0,6.0,0,0,86.0,1101.0,7.0,1.0,1.0,0,0,0,0,0,0,0,0,0,0,0,0,0,0,0,0,0,0
sleeper:8150,Kyren Williams,RB,LAR,8,17.9,0,0,0,0,934.0,8.0,0,30.0,209.0,2.0,0,2.0,0,0,0,0,0,0,0,0,0,0,0,0,0,0,0,0,0,0
sleeper:13287,Jeremiyah Love,RB,,,18.1,0,0,0,0,1090.0,8.0,0,47.0,355.0,2.0,0,1.0,0,0,0,0,0,0,0,0,0,0,0,0,0,0,0,0,0,0
sleeper:4881,Lamar Jackson,QB,BAL,7,18.7,3354.0,27.0,8.0,1.0,651.0,4.0,0,0,0,0,0,4.0,0,0,0,0,0,0,0,0,0,0,0,0,0,0,0,0,0,0
sleeper:11584,Bucky Irving,RB,TB,9,19.0,0,0,0,0,902.0,6.0,0,36.0,271.0,2.0,0,2.0,0,0,0,0,0,0,0,0,0,0,0,0,0,0,0,0,0,0
sleeper:9224,Chase Brown,RB,CIN,10,20.4,0,0,0,0,859.0,7.0,0,52.0,379.0,3.0,1.0,2.0,0,0,0,0,0,0,0,0,0,0,0,0,0,0,0,0,0,0
sleeper:8130,Trey McBride,TE,ARI,8,20.7,0,0,0,0,0,0,0,99.0,999.0,7.0,1.0,1.0,0,0,0,0,0,0,0,0,0,0,0,0,0,0,0,0,0,0
sleeper:5859,A.J. Brown,WR,PHI,9,21.5,0,0,0,0,6.0,0,0,74.0,1070.0,7.0,1.0,0,0,0,0,0,0,0,0,0,0,0,0,0,0,0,0,0,0,0
sleeper:4984,Josh Allen,QB,BUF,7,24.2,3650.0,27.0,10.0,1.0,535.0,11.0,1.0,0,0,0,0,3.0,0,0,0,0,0,0,0,0,0,0,0,0,0,0,0,0,0,0
sleeper:6801,Tee Higgins,WR,CIN,10,25.1,0,0,0,0,6.0,0,0,68.0,960.0,7.0,1.0,0,0,0,0,0,0,0,0,0,0,0,0,0,0,0,0,0,0,0
sleeper:8137,George Pickens,WR,DAL,10,25.6,0,0,0,0,6.0,0,0,76.0,1153.0,7.0,1.0,0,0,0,0,0,0,0,0,0,0,0,0,0,0,0,0,0,0,0
sleeper:11635,Ladd McConkey,WR,LAC,12,25.6,0,0,0,0,11.0,0,0,74.0,925.0,6.0,0,0,0,0,0,0,0,0,0,0,0,0,0,0,0,0,0,0,0,0
sleeper:2216,Mike Evans,WR,SF,14,27.8,0,0,0,0,0,0,0,66.0,900.0,8.0,1.0,0,0,0,0,0,0,0,0,0,0,0,0,0,0,0,0,0,0,0
sleeper:8144,Chris Olave,WR,NO,11,28.4,0,0,1.0,0,6.0,0,0,85.0,1070.0,7.0,1.0,0,0,0,0,0,0,0,0,0,0,0,0,0,0,0,0,0,0,0
sleeper:11566,Jayden Daniels,QB,WAS,12,28.6,3353.0,22.0,9.0,1.0,686.0,6.0,0,0,0,0,0,3.0,0,0,0,0,0,0,0,0,0,0,0,0,0,0,0,0,0,0
sleeper:11604,Brock Bowers,TE,LV,8,28.9,0,0,0,0,16.0,0,0,93.0,979.0,7.0,1.0,1.0,0,0,0,0,0,0,0,0,0,0,0,0,0,0,0,0,0,0
sleeper:6770,Joe Burrow,QB,CIN,10,29.9,4008.0,33.0,10.0,2.0,138.0,2.0,0,0,0,0,0,3.0,0,0,0,0,0,0,0,0,0,0,0,0,0,0,0,0,0,0
sleeper:2133,Davante Adams,WR,LAR,8,29.9,0,0,0,0,0,0,0,61.0,772.0,8.0,1.0,0,0,0,0,0,0,0,0,0,0,0,0,0,0,0,0,0,0,0
sleeper:3321,Tyreek Hill,WR,FA,,30.3,0,0,0,0,6.0,0,0,41.0,528.0,4.0,0,0,0,0,0,0,0,0,0,0,0,0,0,0,0,0,0,0,0,0
sleeper:5846,DK Metcalf,WR,PIT,5,32.9,0,0,0,0,10.0,1.0,0,62.0,843.0,6.0,0,0,0,0,0,0,0,0,0,0,0,0,0,0,0,0,0,0,0,0
sleeper:10229,Rashee Rice,WR,KC,10,33.4,0,0,0,0,32.0,1.0,0,96.0,1061.0,7.0,1.0,1.0,0,0,0,0,0,0,0,0,0,0,0,0,0,0,0,0,0,0
sleeper:5927,Terry McLaurin,WR,WAS,12,34.3,0,0,0,0,6.0,0,0,68.0,950.0,6.0,0,0,0,0,0,0,0,0,0,0,0,0,0,0,0,0,0,0,0,0
sleeper:8155,Breece Hall,RB,NYJ,9,34.4,4.0,1.0,0,0,1006.0,6.0,0,38.0,320.0,2.0,0,2.0,0,0,0,0,0,0,0,0,0,0,0,0,0,0,0,0,0,0
sleeper:7594,Chuba Hubbard,RB,CAR,14,35.1,0,0,0,0,840.0,6.0,0,30.0,201.0,1.0,0,1.0,0,0,0,0,0,0,0,0,0,0,0,0,0,0,0,0,0,0
sleeper:11628,Marvin Harrison,WR,ARI,8,35.2,0,0,0,0,0,0,0,60.0,857.0,5.0,1.0,0,0,0,0,0,0,0,0,0,0,0,0,0,0,0,0,0,0,0
sleeper:4137,James Conner,RB,ARI,8,35.2,0,0,0,0,368.0,3.0,0,18.0,135.0,1.0,0,1.0,0,0,0,0,0,0,0,0,0,0,0,0,0,0,0,0,0,0
sleeper:6904,Jalen Hurts,QB,PHI,9,35.9,3326.0,21.0,8.0,1.0,515.0,9.0,0,0,0,0,0,3.0,0,0,0,0,0,0,0,0,0,0,0,0,0,0,0,0,0,0
sleeper:4035,Alvin Kamara,RB,NO,11,36.9,0,0,0,0,172.0,1.0,0,11.0,82.0,1.0,0,1.0,0,0,0,0,0,0,0,0,0,0,0,0,0,0,0,0,0,0
sleeper:12526,Tetairoa McMillan,WR,CAR,14,37.2,0,0,0,0,6.0,0,0,74.0,1033.0,6.0,1.0,0,0,0,0,0,0,0,0,0,0,0,0,0,0,0,0,0,0,0
sleeper:7543,Travis Etienne,RB,NO,11,38.1,0,0,0,0,990.0,6.0,1.0,38.0,299.0,2.0,0,1.0,0,0,0,0,0,0,0,0,0,0,0,0,0,0,0,0,0,0
sleeper:8146,Garrett Wilson,WR,NYJ,9,40.5,0,0,0,0,16.0,0,0,89.0,1080.0,6.0,0,0,0,0,0,0,0,0,0,0,0,0,0,0,0,0,0,0,0,0
sleeper:7588,Javonte Williams,RB,DAL,10,40.6,0,0,0,0,984.0,7.0,0,36.0,234.0,1.0,0,1.0,0,0,0,0,0,0,0,0,0,0,0,0,0,0,0,0,0,0
sleeper:12519,Luther Burden,WR,CHI,,41.6,0,0,0,0,61.0,0,0,72.0,886.0,6.0,0,0,0,0,0,0,0,0,0,0,0,0,0,0,0,0,0,0,0,0
sleeper:4983,DJ Moore,WR,BUF,7,44.1,2.0,1.0,0,0,29.0,1.0,0,63.0,851.0,5.0,0,1.0,0,0,0,0,0,0,0,0,0,0,0,0,0,0,0,0,0,0
sleeper:7526,Jaylen Waddle,WR,DEN,12,45.5,8.0,0,0,0,15.0,0,0,65.0,850.0,6.0,0,0,0,0,0,0,0,0,0,0,0,0,0,0,0,0,0,0,0,0
sleeper:11624,Xavier Worthy,WR,KC,10,46.5,0,0,0,0,82.0,1.0,0,50.0,632.0,4.0,0,1.0,0,0,0,0,0,0,0,0,0,0,0,0,0,0,0,0,0,0
sleeper:12529,TreVeyon Henderson,RB,NE,14,47.1,0,0,0,0,785.0,6.0,0,35.0,260.0,1.0,0,1.0,0,0,0,0,0,0,0,0,0,0,0,0,0,0,0,0,0,0
sleeper:7525,DeVonta Smith,WR,PHI,9,48.2,0,0,0,0,6.0,0,0,74.0,968.0,6.0,0,0,0,0,0,0,0,0,0,0,0,0,0,0,0,0,0,0,0,0
sleeper:11564,Drake Maye,QB,NE,14,48.9,3724.0,28.0,11.0,1.0,416.0,4.0,1.0,1.0,2.0,0,0,3.0,0,0,0,0,0,0,0,0,0,0,0,0,0,0,0,0,0,0
sleeper:12517,Colston Loveland,TE,CHI,5,49.7,0,0,0,0,4.0,0,0,77.0,870.0,6.0,0,0,0,0,0,0,0,0,0,0,0,0,0,0,0,0,0,0,0,0
sleeper:5045,Courtland Sutton,WR,DEN,12,49.7,0,0,0,0,0,0,0,56.0,755.0,6.0,1.0,0,0,0,0,0,0,0,0,0,0,0,0,0,0,0,0,0,0,0
sleeper:9997,Zay Flowers,WR,BAL,7,50.3,0,0,0,0,28.0,1.0,0,78.0,1066.0,6.0,0,1.0,0,0,0,0,0,0,0,0,0,0,0,0,0,0,0,0,0,0
sleeper:4217,George Kittle,TE,SF,14,50.7,0,0,0,0,-3.0,0,0,57.0,649.0,5.0,0,0,0,0,0,0,0,0,0,0,0,0,0,0,0,0,0,0,0,0
sleeper:4892,Baker Mayfield,QB,TB,9,51.1,3682.0,26.0,13.0,1.0,306.0,2.0,0,0,0,0,0,4.0,0,0,0,0,0,0,0,0,0,0,0,0,0,0,0,0,0,0
sleeper:12489,RJ Harvey,RB,DEN,12,51.2,0,0,0,0,573.0,4.0,0,39.0,290.0,2.0,0,1.0,0,0,0,0,0,0,0,0,0,0,0,0,0,0,0,0,0,0
sleeper:8148,Jameson Williams,WR,DET,8,52.2,0,0,0,0,44.0,0,0,60.0,998.0,7.0,0,0,0,0,0,0,0,0,0,0,0,0,0,0,0,0,0,0,0,0
sleeper:12481,Cam Skattebo,RB,NYG,14,52.6,0,0,0,0,820.0,6.0,1.0,38.0,277.0,1.0,0,1.0,0,0,0,0,0,0,0,0,0,0,0,0,0,0,0,0,0,0
sleeper:12490,Bhayshul Tuten,RB,JAX,,54.1,0,0,0,0,756.0,6.0,0,30.0,223.0,1.0,0,1.0,0,0,0,0,0,0,0,0,0,0,0,0,0,0,0,0,0,0
sleeper:4046,Patrick Mahomes,QB,KC,10,54.7,3773.0,28.0,11.0,1.0,227.0,1.0,0,1.0,-10.0,0,0,2.0,0,0,0,0,0,0,0,0,0,0,0,0,0,0,0,0,0,0
sleeper:12514,Emeka Egbuka,WR,TB,9,55.9,0,0,0,0,19.0,0,0,68.0,917.0,6.0,1.0,0,0,0,0,0,0,0,0,0,0,0,0,0,0,0,0,0,0,0
sleeper:12518,Tyler Warren,TE,IND,11,57.3,0,0,0,0,17.0,1.0,0,78.0,805.0,5.0,0,0,0,0,0,0,0,0,0,0,0,0,0,0,0,0,0,0,0,0
sleeper:5967,Tony Pollard,RB,TEN,10,57.3,0,0,0,0,756.0,5.0,0,27.0,178.0,1.0,0,1.0,0,0,0,0,0,0,0,0,0,0,0,0,0,0,0,0,0,0
sleeper:4981,Calvin Ridley,WR,TEN,10,57.6,0,0,0,0,8.0,0,0,33.0,466.0,3.0,0,0,0,0,0,0,0,0,0,0,0,0,0,0,0,0,0,0,0,0
sleeper:6790,D'Andre Swift,RB,CHI,5,57.8,0,0,0,0,861.0,7.0,0,34.0,263.0,1.0,0,1.0,0,0,0,0,0,0,0,0,0,0,0,0,0,0,0,0,0,0
sleeper:5892,David Montgomery,RB,HOU,6,58.2,3.0,1.0,0,0,903.0,7.0,1.0,30.0,225.0,1.0,0,1.0,0,0,0,0,0,0,0,0,0,0,0,0,0,0,0,0,0,0
sleeper:12512,Quinshon Judkins,RB,CLE,9,59.4,0,0,0,0,926.0,6.0,1.0,29.0,207.0,1.0,0,1.0,0,0,0,0,0,0,0,0,0,0,0,0,0,0,0,0,0,0
sleeper:6783,Jerry Jeudy,WR,CLE,9,61.6,0,0,0,0,6.0,0,0,51.0,684.0,4.0,0,1.0,0,0,0,0,0,0,0,0,0,0,0,0,0,0,0,0,0,0
sleeper:13279,Carnell Tate,WR,,,62.5,0,0,0,0,0,0,0,0,0,0,0,0,0,0,0,0,0,0,0,0,0,0,0,0,0,0,0,0,0,0
sleeper:8205,Isiah Pacheco,RB,DET,8,64.0,0,0,0,0,277.0,2.0,0,10.0,77.0,1.0,0,1.0,0,0,0,0,0,0,0,0,0,0,0,0,0,0,0,0,0,0
sleeper:4199,Aaron Jones,RB,MIN,6,66.3,0,0,0,0,627.0,3.0,0,33.0,242.0,1.0,0,1.0,0,0,0,0,0,0,0,0,0,0,0,0,0,0,0,0,0,0
sleeper:8228,Jaylen Warren,RB,PIT,5,66.6,0,0,0,0,759.0,5.0,0,36.0,267.0,1.0,0,2.0,0,0,0,0,0,0,0,0,0,0,0,0,0,0,0,0,0,0
sleeper:12506,Harold Fannin,TE,CLE,,66.7,0,0,0,0,26.0,1.0,0,77.0,770.0,5.0,0,1.0,0,0,0,0,0,0,0,0,0,0,0,0,0,0,0,0,0,0
sleeper:12504,Kaleb Johnson,RB,PIT,5,67.3,0,0,0,0,217.0,2.0,0,6.0,45.0,0,0,0,0,0,0,0,0,0,0,0,0,0,0,0,0,0,0,0,0,0
sleeper:8167,Christian Watson,WR,GB,,67.8,0,0,0,0,13.0,0,0,57.0,941.0,6.0,0,0,0,0,0,0,0,0,0,0,0,0,0,0,0,0,0,0,0,0
sleeper:5872,Deebo Samuel,WR,FA,,67.9,0,0,0,0,74.0,1.0,0,47.0,524.0,4.0,0,1.0,0,0,0,0,0,0,0,0,0,0,0,0,0,0,0,0,0,0
sleeper:10859,Sam LaPorta,TE,DET,8,68.0,0,0,0,0,3.0,0,0,64.0,714.0,6.0,0,0,0,0,0,0,0,0,0,0,0,0,0,0,0,0,0,0,0,0
sleeper:11563,Bo Nix,QB,DEN,12,69.7,3768.0,26.0,12.0,1.0,330.0,4.0,0,0,0,0,0,3.0,0,0,0,0,0,0,0,0,0,0,0,0,0,0,0,0,0,0
sleeper:11655,Tyrone Tracy,RB,NYG,14,69.9,0,0,0,0,459.0,3.0,0,18.0,135.0,1.0,0,1.0,0,0,0,0,0,0,0,0,0,0,0,0,0,0,0,0,0,0
sleeper:12501,Matthew Golden,WR,GB,5,71.8,0,0,0,0,57.0,0,0,53.0,701.0,5.0,0,0,0,0,0,0,0,0,0,0,0,0,0,0,0,0,0,0,0,0
sleeper:11620,Rome Odunze,WR,CHI,5,72.9,0,0,0,0,6.0,0,0,62.0,891.0,6.0,0,0,0,0,0,0,0,0,0,0,0,0,0,0,0,0,0,0,0,0
sleeper:1466,Travis Kelce,TE,KC,10,73.1,0,0,0,0,1.0,0,0,64.0,651.0,5.0,1.0,0,0,0,0,0,0,0,0,0,0,0,0,0,0,0,0,0,0,0
sleeper:7611,Rhamondre Stevenson,RB,NE,14,73.7,0,0,0,0,799.0,6.0,1.0,31.0,225.0,1.0,1.0,1.0,0,0,0,0,0,0,0,0,0,0,0,0,0,0,0,0,0,0
sleeper:13281,Jordyn Tyson,WR,,,73.8,0,0,0,0,11.0,0,0,69.0,859.0,5.0,0,0,0,0,0,0,0,0,0,0,0,0,0,0,0,0,0,0,0,0
sleeper:11638,Ricky Pearsall,WR,SF,14,74.3,0,0,0,0,19.0,0,0,59.0,819.0,5.0,0,0,0,0,0,0,0,0,0,0,0,0,0,0,0,0,0,0,0,0
sleeper:9484,Tucker Kraft,TE,GB,5,74.5,0,0,0,0,3.0,0,0,64.0,728.0,5.0,0,0,0,0,0,0,0,0,0,0,0,0,0,0,0,0,0,0,0,0
sleeper:7553,Kyle Pitts,TE,ATL,5,76.2,0,0,0,0,0,0,0,65.0,741.0,5.0,0,0,0,0,0,0,0,0,0,0,0,0,0,0,0,0,0,0,0,0
sleeper:5947,Jakobi Meyers,WR,JAX,8,76.8,0,0,0,0,28.0,0,0,64.0,732.0,5.0,0,1.0,0,0,0,0,0,0,0,0,0,0,0,0,0,0,0,0,0,0
sleeper:12534,Kyle Monangai,RB,CHI,,78.8,0,0,0,0,751.0,6.0,2.0,22.0,154.0,1.0,0,1.0,0,0,0,0,0,0,0,0,0,0,0,0,0,0,0,0,0,0
sleeper:7049,Jauan Jennings,WR,FA,,82.5,0,0,0,0,0,0,0,48.0,601.0,4.0,1.0,1.0,0,0,0,0,0,0,0,0,0,0,0,0,0,0,0,0,0,0
sleeper:10232,Michael Wilson,WR,ARI,,82.6,0,0,0,0,6.0,0,0,61.0,788.0,5.0,0,0,0,0,0,0,0,0,0,0,0,0,0,0,0,0,0,0,0,0
sleeper:12508,Jaxson Dart,QB,NYG,,82.8,3366.0,23.0,12.0,1.0,539.0,6.0,0,0,0,0,0,3.0,0,0,0,0,0,0,0,0,0,0,0,0,0,0,0,0,0,0
sleeper:13294,Makai Lemon,WR,,,83.2,0,0,0,0,11.0,0,0,66.0,843.0,5.0,0,0,0,0,0,0,0,0,0,0,0,0,0,0,0,0,0,0,0,0
sleeper:7021,Rico Dowdle,RB,PIT,,83.2,0,0,0,0,593.0,4.0,0,36.0,260.0,1.0,0,1.0,0,0,0,0,0,0,0,0,0,0,0,0,0,0,0,0,0,0
sleeper:2449,Stefon Diggs,WR,FA,,83.4,0,0,0,0,6.0,0,0,63.0,725.0,5.0,0,0,0,0,0,0,0,0,0,0,0,0,0,0,0,0,0,0,0,0
sleeper:5012,Mark Andrews,TE,BAL,7,84.5,0,0,0,0,11.0,1.0,0,58.0,617.0,6.0,0,0,0,0,0,0,0,0,0,0,0,0,0,0,0,0,0,0,0,0
sleeper:4663,Austin Ekeler,RB,FA,,84.7,0,0,0,0,118.0,1.0,0,9.0,63.0,0,0,0,0,0,0,0,0,0,0,0,0,0,0,0,0,0,0,0,0,0
sleeper:3294,Dak Prescott,QB,DAL,10,85.3,4292.0,31.0,13.0,2.0,152.0,2.0,0,0,0,0,0,2.0,0,0,0,0,0,0,0,0,0,0,0,0,0,0,0,0,0,0
sleeper:6797,Justin Herbert,QB,LAC,12,85.7,3920.0,27.0,10.0,1.0,345.0,3.0,1.0,0,0,0,0,3.0,0,0,0,0,0,0,0,0,0,0,0,0,0,0,0,0,0,0
sleeper:11586,Blake Corum,RB,LAR,,86.7,0,0,0,0,757.0,6.0,0,14.0,97.0,0,0,1.0,0,0,0,0,0,0,0,0,0,0,0,0,0,0,0,0,0,0
sleeper:10236,Dalton Kincaid,TE,BUF,7,87.3,0,0,0,0,0,0,0,63.0,701.0,4.0,0,0,0,0,0,0,0,0,0,0,0,0,0,0,0,0,0,0,0,0
sleeper:5849,Kyler Murray,QB,MIN,6,87.8,3062.0,17.0,9.0,1.0,455.0,3.0,0,0,0,0,0,3.0,0,0,0,0,0,0,0,0,0,0,0,0,0,0,0,0,0,0
sleeper:6806,J.K. Dobbins,RB,DEN,12,88.8,0,0,0,0,732.0,6.0,0,26.0,190.0,1.0,0,0,0,0,0,0,0,0,0,0,0,0,0,0,0,0,0,0,0,0
sleeper:8134,Khalil Shakir,WR,BUF,7,90.5,0,0,0,0,10.0,0,0,69.0,725.0,4.0,0,1.0,0,0,0,0,0,0,0,0,0,0,0,0,0,0,0,0,0,0
sleeper:12493,Oronde Gadsden,TE,LAC,,90.5,0,0,0,0,0,0,0,60.0,673.0,5.0,0,1.0,0,0,0,0,0,0,0,0,0,0,0,0,0,0,0,0,0,0
sleeper:11560,Caleb Williams,QB,CHI,5,90.9,3651.0,28.0,10.0,1.0,373.0,3.0,0,2.0,22.0,1.0,0,3.0,0,0,0,0,0,0,0,0,0,0,0,0,0,0,0,0,0,0
sleeper:8408,Jordan Mason,RB,MIN,6,92.5,0,0,0,0,600.0,5.0,0,14.0,100.0,0,0,1.0,0,0,0,0,0,0,0,0,0,0,0,0,0,0,0,0,0,0
sleeper:7523,Trevor Lawrence,QB,JAX,,93.8,3788.0,26.0,12.0,1.0,339.0,5.0,1.0,0,0,0,0,3.0,0,0,0,0,0,0,0,0,0,0,0,0,0,0,0,0,0,0
sleeper:11637,Keon Coleman,WR,BUF,7,94.1,0,0,0,0,6.0,0,0,14.0,182.0,1.0,1.0,1.0,0,0,0,0,0,0,0,0,0,0,0,0,0,0,0,0,0,0
sleeper:4039,Cooper Kupp,WR,SEA,8,94.5,0,0,1.0,0,0,0,0,32.0,364.0,3.0,1.0,1.0,0,0,0,0,0,0,0,0,0,0,0,0,0,0,0,0,0,0
sleeper:3163,Jared Goff,QB,DET,8,95.4,4104.0,30.0,10.0,2.0,53.0,1.0,0,0,0,0,0,3.0,0,0,0,0,0,0,0,0,0,0,0,0,0,0,0,0,0,0
sleeper:8142,Alec Pierce,WR,IND,,95.5,0,0,0,0,7.0,0,0,57.0,918.0,6.0,0,0,0,0,0,0,0,0,0,0,0,0,0,0,0,0,0,0,0,0
sleeper:4037,Chris Godwin,WR,TB,9,97.8,0,0,0,0,6.0,0,0,68.0,750.0,5.0,1.0,0,0,0,0,0,0,0,0,0,0,0,0,0,0,0,0,0,0,0
sleeper:9753,Zach Charbonnet,RB,SEA,8,99.1,0,0,0,0,403.0,3.0,1.0,17.0,119.0,1.0,0,1.0,0,0,0,0,0,0,0,0,0,0,0,0,0,0,0,0,0,0
sleeper:9487,Parker Washington,WR,JAX,,99.7,0,0,0,0,53.0,0,0,65.0,824.0,6.0,1.0,0,0,0,0,0,0,0,0,0,0,0,0,0,1.0,0,0,0,0,0
sleeper:9756,Jordan Addison,WR,MIN,6,99.8,0,0,0,0,22.0,1.0,0,58.0,784.0,5.0,0,0,0,0,0,0,0,0,0,0,0,0,0,0,0,0,0,0,0,0
sleeper:3214,Hunter Henry,TE,NE,,100.1,0,0,0,0,0,0,0,55.0,624.0,5.0,0,0,0,0,0,0,0,0,0,0,0,0,0,0,0,0,0,0,0,0
sleeper:8154,Brian Robinson,RB,ATL,,100.5,0,0,0,0,310.0,2.0,0,11.0,79.0,0,0,0,0,0,0,0,0,0,0,0,0,0,0,0,0,0,0,0,0,0
sleeper:12533,Jacory Croskey-Merritt,RB,WAS,12,101.9,0,0,0,0,509.0,3.0,0,16.0,115.0,1.0,0,1.0,0,0,0,0,0,0,0,0,0,0,0,0,0,0,0,0,0,0
sleeper:5022,Dallas Goedert,TE,PHI,9,103.7,0,0,0,0,0,0,0,59.0,656.0,5.0,0,0,0,0,0,0,0,0,0,0,0,0,0,0,0,0,0,0,0,0
sleeper:8110,Jake Ferguson,TE,DAL,10,105.3,0,0,0,0,1.0,0,0,70.0,618.0,5.0,1.0,1.0,0,0,0,0,0,0,0,0,0,0,0,0,0,0,0,0,0,0
sleeper:8183,Brock Purdy,QB,SF,,105.8,3824.0,29.0,13.0,2.0,237.0,3.0,0,0,0,0,0,3.0,0,0,0,0,0,0,0,0,0,0,0,0,0,0,0,0,0,0
sleeper:5001,Dalton Schultz,TE,HOU,,106.2,0,0,0,0,0,0,0,60.0,598.0,4.0,0,0,0,0,0,0,0,0,0,0,0,0,0,0,0,0,0,0,0,0
sleeper:7567,Kenneth Gainwell,RB,TB,,109.8,0,0,0,0,380.0,3.0,0,40.0,302.0,2.0,0,1.0,0,0,0,0,0,0,0,0,0,0,0,0,0,0,0,0,0,0
sleeper:4066,Evan Engram,TE,DEN,12,110.1,0,0,0,0,7.0,0,0,34.0,308.0,2.0,0,0,0,0,0,0,0,0,0,0,0,0,0,0,0,0,0,0,0,0
sleeper:7002,Juwan Johnson,TE,NO,,110.3,0,0,0,0,0,0,0,58.0,630.0,4.0,0,2.0,0,0,0,0,0,0,0,0,0,0,0,0,0,0,0,0,0,0
sleeper:8132,Tyler Allgeier,RB,ARI,,111.2,0,0,0,0,761.0,5.0,0,21.0,152.0,1.0,0,1.0,0,0,0,0,0,0,0,0,0,0,0,0,0,0,0,0,0,0
sleeper:9480,Brenton Strange,TE,JAX,,111.6,0,0,0,0,0,0,0,60.0,648.0,5.0,0,0,0,0,0,0,0,0,0,0,0,0,0,0,0,0,0,0,0,0
sleeper:8126,Wan'Dale Robinson,WR,TEN,,111.7,0,0,0,0,16.0,0,0,70.0,720.0,4.0,0,0,0,0,0,0,0,0,0,0,0,0,0,0,0,0,0,0,0,0
sleeper:4950,Christian Kirk,WR,SF,14,111.7,0,0,0,0,18.0,0,0,36.0,410.0,3.0,0,0,0,0,0,0,0,0,0,0,0,0,0,0,0,0,0,0,0,0
sleeper:DEN,Denver Broncos,DST,DEN,12,111.8,0,0,0,0,0,0,0,0,0,0,0,0,0,0,0,0,0,0,0,1.0,15.0,11.0,0,0,1.0,0,0,0,0,0
sleeper:11565,J.J. McCarthy,QB,MIN,6,111.9,425.0,2.0,2.0,1.0,41.0,1.0,0,0,0,0,0,1.0,0,0,0,0,0,0,0,0,0,0,0,0,0,0,0,0,0,0
sleeper:6819,Michael Pittman,WR,PIT,,113.6,0,0,0,0,7.0,0,0,68.0,748.0,4.0,1.0,0,0,0,0,0,0,0,0,0,0,0,0,0,0,0,0,0,0,0
sleeper:9494,Marvin Mims,WR,DEN,12,114.9,0,0,0,0,36.0,1.0,0,27.0,293.0,2.0,0,1.0,0,0,0,0,0,0,0,0,0,0,0,0,1.0,0,0,0,0,0
sleeper:7591,Justin Fields,QB,KC,10,114.9,363.0,2.0,2.0,3.0,102.0,1.0,2.0,0,0,0,0,1.0,0,0,0,0,0,0,0,0,0,0,0,0,0,0,0,0,0,0
sleeper:13330,Kenyon Sadiq,TE,,,114.9,0,0,0,0,0,0,0,0,0,0,0,0,0,0,0,0,0,0,0,0,0,0,0,0,0,0,0,0,0,0
sleeper:PHI,Philadelphia Eagles,DST,PHI,9,115.3,0,0,0,0,0,0,0,0,0,0,0,0,0,0,0,0,0,0,0,1.0,15.0,10.0,0,0,0,0,0,0,0,0
sleeper:9754,Quentin Johnston,WR,LAC,,116.1,0,0,0,0,11.0,0,0,58.0,748.0,5.0,0,1.0,0,0,0,0,0,0,0,0,0,0,0,0,0,0,0,0,0,0
sleeper:421,Matthew Stafford,QB,LAR,,116.7,4033.0,32.0,11.0,2.0,19.0,0,0,0,0,0,0,2.0,0,0,0,0,0,0,0,0,0,0,0,0,0,0,0,0,0,0
sleeper:1479,Keenan Allen,WR,FA,,119.2,0,0,0,0,0,0,0,38.0,390.0,3.0,0,0,0,0,0,0,0,0,0,0,0,0,0,0,0,0,0,0,0,0
sleeper:8131,Isaiah Likely,TE,NYG,,120.5,0,0,0,0,0,0,0,59.0,622.0,5.0,0,1.0,0,0,0,0,0,0,0,0,0,0,0,0,0,0,0,0,0,0
sleeper:BAL,Baltimore Ravens,DST,BAL,7,121.3,0,0,0,0,0,0,0,0,0,0,0,0,0,0,0,0,0,0,45.0,1.0,14.0,10.0,0,0,0,0,0,0,0,0
sleeper:12484,Jayden Higgins,WR,HOU,6,121.9,0,0,0,0,6.0,0,0,57.0,761.0,5.0,0,0,0,0,0,0,0,0,0,0,0,0,0,0,0,0,0,0,0,0
sleeper:13286,Jadarian Price,RB,,,123.1,0,0,0,0,0,0,0,0,0,0,0,0,0,0,0,0,0,0,0,0,0,0,0,0,0,0,0,0,0,0
sleeper:8121,Romeo Doubs,WR,NE,,123.4,0,0,0,0,0,0,0,60.0,781.0,6.0,1.0,0,0,0,0,0,0,0,0,0,0,0,0,0,0,0,0,0,0,0
sleeper:9758,C.J. Stroud,QB,HOU,6,124.2,3405.0,20.0,12.0,1.0,220.0,2.0,0,0,0,0,0,3.0,0,0,0,0,0,0,0,0,0,0,0,0,0,0,0,0,0,0
sleeper:10222,Jayden Reed,WR,GB,,125.2,0,0,0,0,68.0,0,0,58.0,730.0,5.0,0,1.0,0,0,0,0,0,0,0,0,0,0,0,0,0,0,0,0,0,0
sleeper:6804,Jordan Love,QB,GB,5,125.8,3808.0,28.0,10.0,1.0,202.0,2.0,0,0,0,0,0,3.0,0,0,0,0,0,0,0,0,0,0,0,0,0,0,0,0,0,0
sleeper:PIT,Pittsburgh Steelers,DST,PIT,5,126.1,0,0,0,0,0,0,0,0,0,0,0,0,0,0,0,0,0,0,0,1.0,12.0,9.0,0,0,0,0,0,0,0,0
sleeper:9225,Tank Bigsby,RB,PHI,9,127.4,0,0,0,0,336.0,2.0,0,8.0,56.0,0,0,1.0,0,0,0,0,0,0,0,0,0,0,0,0,0,0,0,0,0,0
sleeper:12474,Woody Marks,RB,HOU,,127.8,0,0,0,0,351.0,2.0,0,19.0,137.0,1.0,0,1.0,0,0,0,0,0,0,0,0,0,0,0,0,0,0,0,0,0,0
sleeper:GB,Green Bay Packers,DST,GB,5,130.0,0,0,0,0,0,0,0,0,0,0,0,0,0,0,0,0,0,0,0,1.0,12.0,9.0,0,0,0,0,0,0,0,0
sleeper:11603,AJ Barner,TE,SEA,,132.6,0,0,0,0,14.0,1.0,0,58.0,530.0,4.0,0,0,0,0,0,0,0,0,0,0,0,0,0,0,0,0,0,0,0,0
sleeper:8143,Jerome Ford,RB,WAS,12,134.6,0,0,0,0,124.0,1.0,0,12.0,88.0,0,0,0,0,0,0,0,0,0,0,0,0,0,0,0,0,0,0,0,0,0
sleeper:13337,Emmett Johnson,RB,,,135.6,0,0,0,0,0,0,0,0,0,0,0,0,0,0,0,0,0,0,0,0,0,0,0,0,0,0,0,0,0,0
sleeper:5844,T.J. Hockenson,TE,MIN,,136.3,0,0,0,0,0,0,0,59.0,587.0,3.0,0,0,0,0,0,0,0,0,0,0,0,0,0,0,0,0,0,0,0,0
sleeper:4033,David Njoku,TE,CLE,,138.1,0,0,0,0,0,0,0,39.0,384.0,3.0,0,0,0,0,0,0,0,0,0,0,0,0,0,0,0,0,0,0,0,0
sleeper:13298,KC Concepcion,WR,,,138.1,0,0,0,0,0,0,0,0,0,0,0,0,0,0,0,0,0,0,0,0,0,0,0,0,0,0,0,0,0,0
sleeper:4988,Nick Chubb,RB,FA,,138.3,0,0,0,0,138.0,1.0,0,5.0,31.0,0,0,0,0,0,0,0,0,0,0,0,0,0,0,0,0,0,0,0,0,0
sleeper:11589,Trey Benson,RB,ARI,8,138.5,0,0,0,0,150.0,1.0,0,7.0,51.0,1.0,0,1.0,0,0,0,0,0,0,0,0,0,0,0,0,0,0,0,0,0,0
sleeper:8161,Malik Willis,QB,MIA,,139.7,2712.0,16.0,9.0,0,633.0,5.0,0,0,0,0,0,2.0,0,0,0,0,0,0,0,0,0,0,0,0,0,0,0,0,0,0
sleeper:6803,Brandon Aiyuk,WR,SF,14,140.2,0,0,0,0,7.0,0,0,45.0,591.0,4.0,0,0,0,0,0,0,0,0,0,0,0,0,0,0,0,0,0,0,0,0
sleeper:4018,Joe Mixon,RB,FA,,140.2,0,0,0,0,138.0,1.0,0,5.0,31.0,0,0,0,0,0,0,0,0,0,0,0,0,0,0,0,0,0,0,0,0,0
sleeper:HOU,Houston Texans,DST,HOU,6,140.8,0,0,0,0,0,0,0,0,0,0,0,0,0,0,0,0,0,0,0,1.0,16.0,11.0,0,0,1.0,0,0,0,0,0
sleeper:11646,Jalen Coker,WR,CAR,,140.9,0,0,0,0,6.0,0,0,59.0,738.0,5.0,1.0,1.0,0,0,0,0,0,0,0,0,0,0,0,0,0,0,0,0,0,0
sleeper:13345,Jonah Coleman,RB,,,141.1,0,0,0,0,0,0,0,0,0,0,0,0,0,0,0,0,0,0,0,0,0,0,0,0,0,0,0,0,0,0
sleeper:MIN,Minnesota Vikings,DST,MIN,6,142.5,0,0,0,0,0,0,0,0,0,0,0,0,0,0,0,0,0,0,0,1.0,12.0,10.0,0,0,1.0,0,0,0,0,0
sleeper:9500,Josh Downs,WR,IND,,142.6,0,0,0,0,12.0,0,0,67.0,734.0,4.0,0,0,0,0,0,0,0,0,0,0,0,0,0,0,0,0,0,0,0,0
sleeper:12495,Ollie Gordon,RB,MIA,12,142.7,0,0,0,0,120.0,1.0,0,3.0,22.0,1.0,0,0,0,0,0,0,0,0,0,0,0,0,0,0,0,0,0,0,0,0
sleeper:9508,Tyjae Spears,RB,TEN,,145.6,0,0,0,0,306.0,2.0,0,27.0,196.0,1.0,0,1.0,0,0,0,0,0,0,0,0,0,0,0,0,0,0,0,0,0,0
sleeper:11576,Braelon Allen,RB,NYJ,9,145.7,0,0,0,0,245.0,2.0,0,10.0,73.0,0,0,1.0,0,0,0,0,0,0,0,0,0,0,0,0,0,0,0,0,0,0
sleeper:12545,Tyler Shough,QB,NO,,146.4,3525.0,21.0,12.0,1.0,330.0,3.0,1.0,0,0,0,0,3.0,0,0,0,0,0,0,0,0,0,0,0,0,0,0,0,0,0,0
sleeper:6865,Colby Parkinson,TE,LAR,,146.8,0,0,0,0,0,0,0,35.0,344.0,3.0,0,1.0,0,0,0,0,0,0,0,0,0,0,0,0,0,0,0,0,0,0
sleeper:8136,Rachaad White,RB,WAS,,146.9,0,0,0,0,405.0,3.0,0,29.0,20.0,1.0,0,1.0,0,0,0,0,0,0,0,0,0,0,0,0,0,0,0,0,0,0
sleeper:8210,Chig Okonkwo,TE,WAS,,147.1,0,0,0,0,0,0,0,46.0,447.0,3.0,0,0,0,0,0,0,0,0,0,0,0,0,0,0,0,0,0,0,0,0
sleeper:12498,Mason Taylor,TE,NYJ,,148.1,0,0,0,0,0,0,0,55.0,539.0,4.0,1.0,0,0,0,0,0,0,0,0,0,0,0,0,0,0,0,0,0,0,0
sleeper:LAR,Los Angeles Rams,DST,LAR,8,150.1,0,0,0,0,0,0,0,0,0,0,0,0,0,0,0,0,0,0,0,1.0,14.0,10.0,0,0,0,0,0,0,0,0
sleeper:13349,Eli Stowers,TE,,,150.8,0,0,0,0,0,0,0,0,0,0,0,0,0,0,0,0,0,0,0,0,0,0,0,0,0,0,0,0,0,0
sleeper:12469,Dylan Sampson,RB,CLE,9,151.5,0,0,0,0,321.0,2.0,0,23.0,176.0,1.0,0,1.0,0,0,0,0,0,0,0,0,0,0,0,0,0,0,0,0,0,0
sleeper:12487,Terrance Ferguson,TE,LAR,,152.6,0,0,0,0,0,0,0,39.0,436.0,4.0,0,0,0,0,0,0,0,0,0,0,0,0,0,0,0,0,0,0,0,0
sleeper:12457,Jaydon Blue,RB,DAL,10,153.0,0,0,0,0,210.0,2.0,0,7.0,49.0,0,0,0,0,0,0,0,0,0,0,0,0,0,0,0,0,0,0,0,0,0
sleeper:11597,Theo Johnson,TE,NYG,,154.3,0,0,0,0,0,0,0,37.0,400.0,3.0,0,0,0,0,0,0,0,0,0,0,0,0,0,0,0,0,0,0,0,0
ffc:2431,Adam Thielen,WR,FA,,156.6,0,0,0,0,0,0,0,19.0,186.0,0,1.0,0,0,0,0,0,0,0,0,0,0,0,0,0,0,0,0,0,0,0
sleeper:8111,Cade Otton,TE,TB,,157.2,0,0,0,0,0,0,0,51.0,491.0,3.0,0,0,0,0,0,0,0,0,0,0,0,0,0,0,0,0,0,0,0,0
sleeper:SF,San Francisco 49ers,DST,SF,14,160.5,0,0,0,0,0,0,0,0,0,0,0,0,0,0,0,0,0,0,0,1.0,11.0,8.0,0,0,0,0,0,0,0,0
sleeper:13276,Omar Cooper,WR,,,160.8,0,0,0,0,0,0,0,0,0,0,0,0,0,0,0,0,0,0,0,0,0,0,0,0,0,0,0,0,0,0
sleeper:12502,Gunnar Helm,TE,TEN,,161.4,0,0,0,0,0,0,0,47.0,441.0,3.0,0,0,0,0,0,0,0,0,0,0,0,0,0,0,0,0,0,0,0,0
sleeper:13346,Denzel Boston,WR,,,162.2,0,0,0,0,0,0,0,0,0,0,0,0,0,0,0,0,0,0,0,0,0,0,0,0,0,0,0,0,0,0
sleeper:13305,Mike Washington,RB,,,163.3,0,0,0,0,413.0,3.0,0,13.0,101.0,1.0,0,0,0,0,0,0,0,0,0,0,0,0,0,0,0,0,0,0,0,0
sleeper:7203,Antonio Williams,RB,,,163.4,0,0,0,0,0,0,0,0,0,0,0,0,0,0,0,0,0,0,0,0,0,0,0,0,0,0,0,0,0,0
sleeper:13301,Antonio Williams,WR,,,163.9,0,0,0,0,14.0,0,0,30.0,369.0,2.0,0,0,0,0,0,0,0,0,0,0,0,0,0,0,0,0,0,0,0,0
sleeper:12530,Travis Hunter,WR,JAX,,165.3,0,0,0,0,35.0,0,0,35.0,415.0,3.0,0,0,0,0,0,0,0,0,0,0,0,0,0,0,0,0,0,0,0,0
sleeper:11647,Kimani Vidal,RB,LAC,,165.9,0,0,0,0,155.0,1.0,0,9.0,62.0,1.0,0,0,0,0,0,0,0,0,0,0,0,0,0,0,0,0,0,0,0,0
sleeper:10219,Chris Rodriguez,RB,JAX,,166.8,0,0,0,0,662.0,5.0,0,13.0,94.0,0,0,1.0,0,0,0,0,0,0,0,0,0,0,0,0,0,0,0,0,0,0
sleeper:4943,Sam Darnold,QB,SEA,,167.8,3676.0,26.0,12.0,1.0,157.0,2.0,0,0,0,0,0,3.0,0,0,0,0,0,0,0,0,0,0,0,0,0,0,0,0,0,0
sleeper:11583,Jonathon Brooks,RB,CAR,,168.8,0,0,0,0,131.0,1.0,0,4.0,32.0,0,0,0,0,0,0,0,0,0,0,0,0,0,0,0,0,0,0,0,0,0
sleeper:8676,Rashid Shaheed,WR,SEA,,170.7,0,0,0,0,44.0,0,0,43.0,633.0,4.0,0,1.0,0,0,0,0,0,0,0,0,0,0,0,0,0,0,0,0,0,0
sleeper:11625,Adonai Mitchell,WR,NYJ,,172.9,0,0,0,0,9.0,0,0,30.0,394.0,3.0,0,1.0,0,0,0,0,0,0,0,0,0,0,0,0,0,0,0,0,0,0
sleeper:9504,Kayshon Boutte,WR,NE,,173.3,0,0,0,0,0,0,0,36.0,536.0,4.0,0,0,0,0,0,0,0,0,0,0,0,0,0,0,0,0,0,0,0,0
sleeper:9511,Keaton Mitchell,RB,LAC,,173.3,0,0,0,0,435.0,3.0,0,18.0,134.0,1.0,0,1.0,0,0,0,0,0,0,0,0,0,0,0,0,0,0,0,0,0,0
sleeper:11618,Jalen McMillan,WR,TB,,174.8,0,0,0,0,30.0,0,0,40.0,514.0,4.0,0,0,0,0,0,0,0,0,0,0,0,0,0,0,0,0,0,0,0,0
sleeper:9506,Sean Tucker,RB,TB,,177.5,0,0,0,0,288.0,2.0,0,8.0,57.0,1.0,0,1.0,0,0,0,0,0,0,0,0,0,0,0,0,0,0,0,0,0,0
sleeper:11627,Troy Franklin,WR,DEN,,179.6,0,0,0,0,17.0,0,0,30.0,359.0,3.0,3.0,1.0,0,0,0,0,0,0,0,0,0,0,0,0,0,0,0,0,0,0
sleeper:12492,Pat Bryant,WR,DEN,,180.4,0,0,0,0,9.0,0,0,35.0,425.0,3.0,0,0,0,0,0,0,0,0,0,0,0,0,0,0,0,0,0,0,0,0
sleeper:13405,Kaytron Allen,RB,,,180.8,0,0,0,0,0,0,0,0,0,0,0,0,0,0,0,0,0,0,0,0,0,0,0,0,0,0,0,0,0,0
sleeper:12540,Chimere Dike,WR,TEN,,183.2,0,0,0,0,38.0,0,0,47.0,480.0,3.0,0,1.0,0,0,0,0,0,0,0,0,0,0,0,0,1.0,0,0,0,0,0
sleeper:11435,Emanuel Wilson,RB,SEA,,186.1,0,0,0,0,384.0,3.0,0,18.0,131.0,0,1.0,0,0,0,0,0,0,0,0,0,0,0,0,0,0,0,0,0,0,0
sleeper:8698,Jake Tonges,TE,SF,,186.6,0,0,0,0,0,0,0,30.0,288.0,2.0,0,0,0,0,0,0,0,0,0,0,0,0,0,0,0,0,0,0,0,0
sleeper:13269,Fernando Mendoza,QB,,,188.1,2894.0,19.0,11.0,1.0,234.0,2.0,0,0,0,0,0,3.0,0,0,0,0,0,0,0,0,0,0,0,0,0,0,0,0,0,0
sleeper:12509,Tre' Harris,WR,LAC,,188.5,0,0,0,0,6.0,0,0,40.0,493.0,4.0,0,0,0,0,0,0,0,0,0,0,0,0,0,0,0,0,0,0,0,0
sleeper:12522,Cam Ward,QB,TEN,,190.1,3516.0,19.0,13.0,1.0,182.0,2.0,0,0,0,0,0,4.0,0,0,0,0,0,0,0,0,0,0,0,0,0,0,0,0,0,0
sleeper:13293,Ja'Kobi Lane,WR,,,191.7,0,0,0,0,0,0,0,0,0,0,0,0,0,0,0,0,0,0,0,0,0,0,0,0,0,0,0,0,0,0
sleeper:11575,Ray Davis,RB,BUF,,192.6,0,0,0,0,270.0,2.0,0,7.0,58.0,2.0,0,0,0,0,0,0,0,0,0,0,0,0,0,0,0,0,0,0,0,0
sleeper:13288,Nicholas Singleton,RB,,,193.2,0,0,0,0,296.0,2.0,0,14.0,102.0,1.0,0,1.0,0,0,0,0,0,0,0,0,0,0,0,0,0,0,0,0,0,0
sleeper:12535,Isaac TeSlaa,WR,DET,,193.5,0,0,0,0,11.0,0,0,33.0,473.0,4.0,0,0,0,0,0,0,0,0,0,0,0,0,0,0,0,0,0,0,0,0
sleeper:12499,Elic Ayomanor,WR,TEN,,194.5,0,0,0,0,0,0,0,36.0,448.0,3.0,0,0,0,0,0,0,0,0,0,0,0,0,0,0,0,0,0,0,0,0
sleeper:12476,Devin Neal,RB,NO,,195.2,0,0,0,0,160.0,1.0,0,7.0,49.0,0,0,1.0,0,0,0,0,0,0,0,0,0,0,0,0,0,0,0,0,0,0
sleeper:7528,Najee Harris,RB,LAC,,195.4,0,0,0,0,234.0,2.0,0,10.0,71.0,0,0,0,0,0,0,0,0,0,0,0,0,0,0,0,0,0,0,0,0,0
sleeper:5870,Daniel Jones,QB,IND,,196.1,3388.0,20.0,11.0,1.0,190.0,2.0,0,0,0,0,0,3.0,0,0,0,0,0,0,0,0,0,0,0,0,0,0,0,0,0,0
sleeper:9228,Bryce Young,QB,CAR,,196.4,3079.0,20.0,11.0,1.0,251.0,2.0,0,0,0,0,0,3.0,0,0,0,0,0,0,0,0,0,0,0,0,0,0,0,0,0,0
sleeper:13320,Zachariah Branch,WR,,,198.3,0,0,0,0,0,0,0,39.0,479.0,3.0,0,0,0,0,0,0,0,0,0,0,0,0,0,0,0,0,0,0,0,0
sleeper:10213,Tre Tucker,WR,LV,,199.1,0,0,0,0,28.0,0,0,35.0,440.0,3.0,0,0,0,0,0,0,0,0,0,0,0,0,0,0,0,0,0,0,0,0
sleeper:11643,Jaylen Wright,RB,MIA,,199.6,0,0,0,0,223.0,2.0,0,6.0,38.0,0,0,1.0,0,0,0,0,0,0,0,0,0,0,0,0,0,0,0,0,0,0
sleeper:9502,Tank Dell,WR,HOU,,199.7,0,0,0,0,24.0,0,0,33.0,439.0,3.0,0,0,0,0,0,0,0,0,0,0,0,0,0,0,0,0,0,0,0,0
sleeper:13347,Demond Claiborne,RB,,,201.7,0,0,0,0,0,0,0,0,0,0,0,0,0,0,0,0,0,0,0,0,0,0,0,0,0,0,0,0,0,0
sleeper:3257,Jacoby Brissett,QB,ARI,,202.4,1988.0,12.0,6.0,1.0,91.0,1.0,0,0,0,0,0,3.0,0,0,0,0,0,0,0,0,0,0,0,0,0,0,0,0,0,0
sleeper:12536,Jaylin Noel,WR,HOU,,204.7,0,0,0,0,37.0,0,0,31.0,362.0,2.0,0,0,0,0,0,0,0,0,0,0,0,0,0,0,1.0,0,0,0,0,0
sleeper:9757,Kendre Miller,RB,NO,,207.2,0,0,0,0,20.0,1.0,0,2.0,16.0,0,0,0,0,0,0,0,0,0,0,0,0,0,0,0,0,0,0,0,0,0
sleeper:12455,Brashard Smith,RB,KC,,209.4,0,0,0,0,143.0,1.0,0,9.0,66.0,1.0,0,0,0,0,0,0,0,0,0,0,0,0,0,0,0,0,0,0,0,0
sleeper:7090,Darnell Mooney,WR,NYG,,210.3,0,0,0,0,5.0,0,0,32.0,446.0,3.0,0,0,0,0,0,0,0,0,0,0,0,0,0,0,0,0,0,0,0,0
sleeper:13274,Germie Bernard,WR,,,210.4,0,0,0,0,0,0,0,0,0,0,0,0,0,0,0,0,0,0,0,0,0,0,0,0,0,0,0,0,0,0
sleeper:12547,Kyle Williams,WR,NE,,211.9,0,0,0,0,6.0,0,0,20.0,292.0,2.0,0,0,0,0,0,0,0,0,0,0,0,0,0,0,0,0,0,0,0,0
sleeper:13317,Ted Hurst,WR,,,213.3,0,0,0,0,0,0,0,0,0,0,0,0,0,0,0,0,0,0,0,0,0,0,0,0,0,0,0,0,0,0
sleeper:8180,Jalen Nailor,WR,LV,,214.4,0,0,0,0,18.0,0,0,44.0,563.0,4.0,1.0,0,0,0,0,0,0,0,0,0,0,0,0,0,0,0,0,0,0,0
sleeper:11783,Ryan Flournoy,WR,DAL,,216.7,0,0,0,0,12.0,0,0,45.0,523.0,3.0,0,0,0,0,0,0,0,0,0,0,0,0,0,0,0,0,0,0,0,0
sleeper:12497,Tory Horton,WR,SEA,,217.5,0,0,0,0,10.0,0,0,34.0,468.0,4.0,0,0,0,0,0,0,0,0,0,0,0,0,0,0,0,0,0,0,0,0
sleeper:11579,Audric Estime,RB,NO,,218.6,0,0,0,0,119.0,1.0,0,3.0,17.0,0,0,0,0,0,0,0,0,0,0,0,0,0,0,0,0,0,0,0,0,0
sleeper:13268,Elijah Sarratt,WR,,,218.7,0,0,0,0,0,0,0,0,0,0,0,0,0,0,0,0,0,0,0,0,0,0,0,0,0,0,0,0,0,0
sleeper:13353,Chris Brazzell,WR,,,219.5,0,0,0,0,0,0,0,0,0,0,0,0,0,0,0,0,0,0,0,0,0,0,0,0,0,0,0,0,0,0
sleeper:13311,Chris Bell,WR,,,220.7,0,0,0,0,4.0,0,0,33.0,398.0,3.0,0,0,0,0,0,0,0,0,0,0,0,0,0,0,0,0,0,0,0,0
sleeper:7571,Rashod Bateman,WR,BAL,,221.4,0,0,0,0,0,0,0,28.0,381.0,3.0,1.0,0,0,0,0,0,0,0,0,0,0,0,0,0,0,0,0,0,0,0
sleeper:11569,Jarquez Hunter,RB,LAR,,221.5,0,0,0,0,63.0,0,0,2.0,13.0,0,0,0,0,0,0,0,0,0,0,0,0,0,0,0,0,0,0,0,0,0
sleeper:12483,Jack Bech,WR,LV,,226.8,0,0,0,0,8.0,0,0,29.0,343.0,2.0,0,0,0,0,0,0,0,0,0,0,0,0,0,0,0,0,0,0,0,0
sleeper:12524,Shedeur Sanders,QB,CLE,,226.8,571.0,3.0,3.0,0,48.0,1.0,0,0,0,0,0,1.0,0,0,0,0,0,0,0,0,0,0,0,0,0,0,0,0,0,0
sleeper:11834,Devaughn Vele,WR,NO,,227.3,0,0,0,0,9.0,0,0,37.0,436.0,3.0,0,0,0,0,0,0,0,0,0,0,0,0,0,0,0,0,0,0,0,0
sleeper:11559,Michael Penix,QB,ATL,,229.5,1567.0,10.0,5.0,1.0,67.0,1.0,0,0,0,0,0,2.0,0,0,0,0,0,0,0,0,0,0,0,0,0,0,0,0,0,0
sleeper:13285,Malachi Fields,WR,,,230.2,0,0,0,0,0,0,0,0,0,0,0,0,0,0,0,0,0,0,0,0,0,0,0,0,0,0,0,0,0,0
sleeper:13278,Max Klare,TE,,,234.3,0,0,0,0,0,0,0,0,0,0,0,0,0,0,0,0,0,0,0,0,0,0,0,0,0,0,0,0,0,0
sleeper:13401,Michael Trigg,TE,,,235.3,0,0,0,0,0,0,0,0,0,0,0,0,0,0,0,0,0,0,0,0,0,0,0,0,0,0,0,0,0,0
sleeper:6768,Tua Tagovailoa,QB,ATL,,237.7,2141.0,14.0,8.0,4.0,43.0,0,0,0,0,0,0,4.0,0,0,0,0,0,0,0,0,0,0,0,0,0,0,0,0,0,0
sleeper:13275,Ty Simpson,QB,,,242.1,0,0,0,0,0,0,0,0,0,0,0,0,0,0,0,0,0,0,0,0,0,0,0,0,0,0,0,0,0,0
sleeper:1373,Geno Smith,QB,NYJ,,,3063.0,19.0,13.0,1.0,144.0,1.0,0,0,0,0,0,4.0,0,0,0,0,0,0,0,0,0,0,0,0,0,0,0,0,0,0
sleeper:11533,Brandon Aubrey,K,DAL,,,0,0,0,0,6.0,0,0,0,0,0,0,0,42.0,4.0,15.0,9.0,8.0,3.0,0,0,0,0,0,0,0,0,0,0,0,0
sleeper:96,Aaron Rodgers,QB,PIT,,,2700.0,18.0,7.0,1.0,60.0,1.0,0,1.0,-9.0,0,0,2.0,0,0,0,0,0,0,0,0,0,0,0,0,0,0,0,0,0,0
sleeper:8259,Cameron Dicker,K,LAC,,,0,0,0,0,0,0,0,0,0,0,0,0,41.0,4.0,21.0,9.0,6.0,0,0,0,0,0,0,0,0,0,0,0,0,0
sleeper:2747,Jason Myers,K,SEA,,,0,0,0,0,0,0,0,0,0,0,0,0,42.0,4.0,19.0,9.0,7.0,0,0,0,0,0,0,0,0,0,0,0,0,0
sleeper:12711,Tyler Loop,K,BAL,,,0,0,0,0,0,0,0,0,0,0,0,0,43.0,4.0,21.0,8.0,6.0,0,0,0,0,0,0,0,0,0,0,0,0,0
sleeper:11786,Cam Little,K,JAX,,,0,0,0,0,0,0,0,0,0,0,0,0,41.0,4.0,14.0,8.0,8.0,2.0,0,0,0,0,0,0,0,0,0,0,0,0
sleeper:3451,Ka'imi Fairbairn,K,HOU,,,0,0,0,0,0,0,0,0,0,0,0,0,38.0,4.0,19.0,9.0,7.0,0,0,0,0,0,0,0,0,0,0,0,0,0
sleeper:3678,Wil Lutz,K,DEN,,,0,0,0,0,0,0,0,0,0,0,0,0,40.0,4.0,21.0,8.0,6.0,0,0,0,0,0,0,0,0,0,0,0,0,0
sleeper:11058,Blake Grupe,K,IND,,,0,0,0,0,0,0,0,0,0,0,0,0,39.0,4.0,19.0,8.0,6.0,1.0,0,0,0,0,0,0,0,0,0,0,0,0
sleeper:4227,Harrison Butker,K,KC,,,0,0,0,0,0,0,0,0,0,0,0,0,40.0,4.0,19.0,8.0,6.0,0,0,0,0,0,0,0,0,0,0,0,0,0
sleeper:11792,Will Reichard,K,MIN,,,0,0,0,0,0,0,0,0,0,0,0,0,35.0,3.0,15.0,9.0,7.0,1.0,0,0,0,0,0,0,0,0,0,0,0,0
sleeper:6650,Chase McLaughlin,K,TB,,,0,0,0,0,0,0,0,0,0,0,0,0,39.0,4.0,15.0,8.0,7.0,1.0,0,0,0,0,0,0,0,0,0,0,0,0
sleeper:1433,Brandon McManus,K,GB,,,0,0,0,0,0,0,0,0,0,0,0,0,40.0,4.0,18.0,8.0,6.0,0,0,0,0,0,0,0,0,0,0,0,0,0
sleeper:12713,Andy Borregales,K,NE,,,0,0,0,0,0,0,0,0,0,0,0,0,41.0,4.0,16.0,8.0,5.0,0,0,0,0,0,0,0,0,0,0,0,0,0
sleeper:11539,Jake Bates,K,DET,,,0,0,0,0,0,0,0,0,0,0,0,0,42.0,4.0,14.0,8.0,6.0,0,0,0,0,0,0,0,0,0,0,0,0,0
sleeper:7839,Evan McPherson,K,CIN,,,0,0,0,0,0,0,0,0,0,0,0,0,43.0,4.0,10.0,8.0,6.0,1.0,0,0,0,0,0,0,0,0,0,0,0,0
sleeper:5189,Eddy Pineiro,K,SF,,,0,0,0,0,0,0,0,0,0,0,0,0,41.0,4.0,12.0,8.0,6.0,0,0,0,0,0,0,0,0,0,0,0,0,0
sleeper:650,Nick Folk,K,ATL,,,0,0,0,0,0,0,0,0,0,0,0,0,38.0,3.0,14.0,8.0,5.0,0,0,0,0,0,0,0,0,0,0,0,0,0
sleeper:1945,Chris Boswell,K,PIT,,,0,0,0,0,0,0,0,0,0,0,0,0,35.0,4.0,8.0,8.0,8.0,1.0,0,0,0,0,0,0,0,0,0,0,0,0
sleeper:12961,Ryan Fitzgerald,K,CAR,,,0,0,0,0,0,0,0,0,0,0,0,0,36.0,3.0,14.0,8.0,5.0,0,0,0,0,0,0,0,0,0,0,0,0,0
sleeper:2020,Cairo Santos,K,CHI,,,0,0,0,0,0,0,0,0,0,0,0,0,40.0,4.0,11.0,8.0,6.0,0,0,0,0,0,0,0,0,0,0,0,0,0
sleeper:5095,Daniel Carlson,K,LV,,,0,0,0,0,0,0,0,0,0,0,0,0,34.0,4.0,11.0,8.0,6.0,1.0,0,0,0,0,0,0,0,0,0,0,0,0
sleeper:10937,Jake Moody,K,WAS,,,0,0,0,0,0,0,0,0,0,0,0,0,40.0,3.0,12.0,7.0,5.0,0,0,0,0,0,0,0,0,0,0,0,0,0
sleeper:11261,Andre Szmyt,K,CLE,,,0,0,0,0,0,0,0,0,0,0,0,0,32.0,3.0,14.0,7.0,5.0,0,0,0,0,0,0,0,0,0,0,0,0,0
sleeper:10955,Chad Ryland,K,ARI,,,0,0,0,0,0,0,0,0,0,0,0,0,34.0,3.0,12.0,8.0,5.0,0,0,0,0,0,0,0,0,0,0,0,0,0
sleeper:12015,Harrison Mevis,K,LAR,,,0,0,0,0,0,0,0,0,0,0,0,0,43.0,4.0,6.0,8.0,6.0,0,0,0,0,0,0,0,0,0,0,0,0,0
sleeper:6528,Joey Slye,K,TEN,,,0,0,0,0,0,0,0,0,0,0,0,0,32.0,3.0,12.0,7.0,5.0,0,0,0,0,0,0,0,0,0,0,0,0,0
sleeper:4195,Jake Elliott,K,PHI,,,0,0,0,0,0,0,0,0,0,0,0,0,39.0,3.0,9.0,7.0,5.0,0,0,0,0,0,0,0,0,0,0,0,0,0
sleeper:11653,Charlie Smyth,K,NO,,,0,0,0,0,0,0,0,0,0,0,0,0,37.0,3.0,5.0,8.0,5.0,0,0,0,0,0,0,0,0,0,0,0,0,0
sleeper:4233,Zane Gonzalez,K,MIA,,,0,0,0,0,0,0,0,0,0,0,0,0,33.0,4.0,4.0,8.0,6.0,0,0,0,0,0,0,0,0,0,0,0,0,0
sleeper:7600,Pat Freiermuth,TE,PIT,,,0,0,0,0,0,0,0,51.0,534.0,4.0,0,0,0,0,0,0,0,0,0,0,0,0,0,0,0,0,0,0,0,0
sleeper:7042,Tyler Bass,K,BUF,,,0,0,0,0,0,0,0,0,0,0,0,0,43.0,4.0,0,8.0,6.0,0,0,0,0,0,0,0,0,0,0,0,0,0
sleeper:6083,Matt Gay,K,LV,,,0,0,0,0,0,0,0,0,0,0,0,0,38.0,1.0,7.0,9.0,1.0,0,0,0,0,0,0,0,0,0,0,0,0,0
sleeper:5119,Jason Sanders,K,NYG,,,0,0,0,0,0,0,0,0,0,0,0,0,37.0,3.0,0,8.0,5.0,0,0,0,0,0,0,0,0,0,0,0,0,0
sleeper:CAR,Carolina Panthers,DST,CAR,,,0,0,0,0,0,0,0,0,0,0,0,0,0,0,0,0,0,0,39.0,1.0,11.0,9.0,0,0,1.0,0,0,0,0,0
sleeper:11610,Malik Washington,WR,MIA,,,0,0,0,0,121.0,1.0,0,37.0,396.0,2.0,0,1.0,0,0,0,0,0,0,0,0,0,0,0,0,0,0,0,0,0,0
sleeper:NYG,New York Giants,DST,NYG,,,0,0,0,0,0,0,0,0,0,0,0,0,0,0,0,0,0,0,40.0,1.0,11.0,9.0,0,0,0,0,0,0,0,0
nflverse:00-0037157,Bam Knight,RB,ARI,,,0,0,0,0,269.0,4.0,0,22.0,160.0,1.0,0,1.0,0,0,0,0,0,0,0,0,0,0,0,0,0,0,0,0,0,0
sleeper:9486,Dontayvion Wicks,WR,PHI,,,0,0,0,0,10.0,0,0,34.0,413.0,3.0,0,0,0,0,0,0,0,0,0,0,0,0,0,0,0,0,0,0,0,0
sleeper:4993,Mike Gesicki,TE,CIN,,,0,0,0,0,0,0,0,37.0,396.0,3.0,0,0,0,0,0,0,0,0,0,0,0,0,0,0,0,0,0,0,0,0
sleeper:9501,DeMario Douglas,WR,NE,,,0,0,0,0,35.0,0,0,31.0,384.0,3.0,0,0,0,0,0,0,0,0,0,0,0,0,0,0,0,0,0,0,0,0
sleeper:10226,Andrei Iosivas,WR,CIN,,,0,0,0,0,10.0,0,0,32.0,403.0,3.0,0,0,0,0,0,0,0,0,0,0,0,0,0,0,0,0,0,0,0,0
sleeper:6149,Darius Slayton,WR,NYG,,,0,0,0,0,0,0,0,28.0,410.0,3.0,2.0,1.0,0,0,0,0,0,0,0,0,0,0,0,0,0,0,0,0,0,0
sleeper:9479,Darnell Washington,TE,PIT,,,0,0,0,0,0,0,0,35.0,359.0,3.0,1.0,1.0,0,0,0,0,0,0,0,0,0,0,0,0,0,0,0,0,0,0
sleeper:4177,Mack Hollins,WR,NE,,,0,0,0,0,8.0,0,0,30.0,375.0,3.0,0,0,0,0,0,0,0,0,0,0,0,0,0,0,0,0,0,0,0,0
sleeper:5848,Marquise Brown,WR,PHI,,,0,0,0,0,0,0,0,34.0,422.0,2.0,0,0,0,0,0,0,0,0,0,0,0,0,0,0,0,0,0,0,0,0
sleeper:2505,Darren Waller,TE,MIA,,,0,0,0,0,4.0,0,0,32.0,356.0,3.0,0,0,0,0,0,0,0,0,0,0,0,0,0,0,0,0,0,0,0,0
sleeper:4144,Jonnu Smith,TE,PIT,,,0,0,0,0,22.0,1.0,0,34.0,314.0,2.0,0,0,0,0,0,0,0,0,0,0,0,0,0,0,0,0,0,0,0,0
sleeper:6271,Olamide Zaccheaus,WR,ATL,,,0,0,0,0,13.0,0,0,33.0,362.0,2.0,0,0,0,0,0,0,0,0,0,0,0,0,0,0,0,0,0,0,0,0
sleeper:5906,Dawson Knox,TE,BUF,,,0,0,0,0,0,0,0,28.0,304.0,3.0,1.0,0,0,0,0,0,0,0,0,0,0,0,0,0,0,0,0,0,0,0
sleeper:13354,Eric McAlister,WR,,,,0,0,0,0,0,0,0,30.0,374.0,2.0,0,0,0,0,0,0,0,0,0,0,0,0,0,0,0,0,0,0,0,0
sleeper:SEA,Seattle Seahawks,DST,SEA,,,0,0,0,0,0,0,0,0,0,0,0,0,0,0,0,0,0,0,0,1.0,16.0,11.0,0,0,1.0,0,0,0,0,0
sleeper:3200,Sterling Shepard,WR,TB,,,0,0,0,0,6.0,0,0,39.0,371.0,1.0,0,1.0,0,0,0,0,0,0,0,0,0,0,0,0,0,0,0,0,0,0
nflverse:00-0034084,Mike Badgley,K,BUF,,,0,0,0,0,0,0,0,0,0,0,0,0,20.0,1.0,4.0,5.0,2.0,0,0,0,0,0,0,0,0,0,0,0,0,0
sleeper:8917,KaVontae Turpin,WR,DAL,,,0,0,0,0,77.0,1.0,0,21.0,268.0,2.0,0,1.0,0,0,0,0,0,0,0,0,0,0,0,0,0,0,0,0,0,0
sleeper:13066,Ben Sauls,K,NYG,,,0,0,0,0,0,0,0,0,0,0,0,0,9.0,3.0,7.0,2.0,5.0,0,0,0,0,0,0,0,0,0,0,0,0,0
sleeper:7922,Riley Patterson,K,MIA,,,0,0,0,0,0,0,0,0,0,0,0,0,9.0,1.0,13.0,2.0,1.0,0,0,0,0,0,0,0,0,0,0,0,0,0
sleeper:9482,Michael Mayer,TE,LV,,,0,0,0,0,0,0,0,31.0,316.0,2.0,0,0,0,0,0,0,0,0,0,0,0,0,0,0,0,0,0,0,0,0
sleeper:12641,Jaylin Lane,WR,WAS,,,0,0,0,0,23.0,0,0,23.0,272.0,2.0,0,0,0,0,0,0,0,0,0,0,0,0,0,0,1.0,0,0,0,0,0
sleeper:8119,Jahan Dotson,WR,ATL,,,0,0,0,0,15.0,0,0,25.0,306.0,2.0,0,0,0,0,0,0,0,0,0,0,0,0,0,0,0,0,0,0,0,0
sleeper:6826,Cole Kmet,TE,CHI,,,0,0,0,0,0,0,0,28.0,281.0,2.0,1.0,0,0,0,0,0,0,0,0,0,0,0,0,0,0,0,0,0,0,0
nflverse:00-0039576,Spencer Shrader,K,IND,,,0,0,0,0,0,0,0,0,0,0,0,0,14.0,1.0,10.0,2.0,1.0,0,0,0,0,0,0,0,0,0,0,0,0,0
sleeper:12521,Elijah Arroyo,TE,SEA,,,0,0,0,0,0,0,0,29.0,312.0,2.0,0,1.0,0,0,0,0,0,0,0,0,0,0,0,0,0,0,0,0,0,0
sleeper:12860,Theo Wease,WR,MIA,,,0,0,0,0,0,0,0,25.0,306.0,2.0,0,0,0,0,0,0,0,0,0,0,0,0,0,0,0,0,0,0,0,0
nflverse:00-0039750,Joshua Karty,K,LA,,,0,0,0,0,0,0,0,0,0,0,0,0,23.0,3.0,6.0,3.0,1.0,0,0,0,0,0,0,0,0,0,0,0,0,0
sleeper:12485,Tez Johnson,WR,TB,,,0,0,0,0,16.0,0,0,23.0,290.0,2.0,0,0,0,0,0,0,0,0,0,0,0,0,0,0,0,0,0,0,0,0
sleeper:NE,New England Patriots,DST,NE,,,0,0,0,0,0,0,0,0,0,0,0,0,0,0,0,0,0,0,0,1.0,13.0,10.0,0,0,1.0,0,0,0,0,0
sleeper:17,Matt Prater,K,BUF,,,0,0,0,0,0,0,0,0,0,0,0,0,9.0,1.0,11.0,2.0,1.0,0,0,0,0,0,0,0,0,0,0,0,0,0
sleeper:13319,Oscar Delp,TE,,,,0,0,0,0,0,0,0,26.0,252.0,2.0,0,0,0,0,0,0,0,0,0,0,0,0,0,0,0,0,0,0,0,0
nflverse:00-0035100,Jake Browning,QB,CIN,,,771.0,6.0,8.0,0,39.0,1.0,0,0,0,0,0,0,0,0,0,0,0,0,0,0,0,0,0,0,0,0,0,0,0,0
sleeper:6039,Ty Johnson,RB,BUF,,,0,0,0,0,137.0,1.0,0,17.0,131.0,1.0,0,0,0,0,0,0,0,0,0,0,0,0,0,0,0,0,0,0,0,0
sleeper:7828,Noah Gray,TE,KC,,,0,0,0,0,0,0,0,24.0,231.0,2.0,0,0,0,0,0,0,0,0,0,0,0,0,0,0,0,0,0,0,0,0
sleeper:8127,Charlie Kolar,TE,LAC,,,0,0,0,0,3.0,0,0,23.0,231.0,2.0,0,0,0,0,0,0,0,0,0,0,0,0,0,0,0,0,0,0,0,0
nflverse:00-0037542,John Parker Romo,K,ATL,,,0,0,0,0,0,0,0,0,0,0,0,0,12.0,2.0,9.0,1.0,1.0,0,0,0,0,0,0,0,0,0,0,0,0,0
sleeper:8125,Calvin Austin,WR,NYG,,,0,0,0,0,14.0,0,0,18.0,233.0,2.0,0,0,0,0,0,0,0,0,0,0,0,0,0,0,0,0,0,0,0,0
sleeper:5995,Justice Hill,RB,BAL,,,0,0,0,0,107.0,1.0,0,18.0,133.0,1.0,0,0,0,0,0,0,0,0,0,0,0,0,0,0,0,0,0,0,0,0
sleeper:12048,George Holani,RB,SEA,,,0,0,0,0,223.0,2.0,0,10.0,74.0,0,0,1.0,0,0,0,0,0,0,0,0,0,0,0,0,0,0,0,0,0,0
sleeper:12467,Jordan James,RB,SF,,,0,0,0,0,227.0,2.0,0,8.0,58.0,0,0,0,0,0,0,0,0,0,0,0,0,0,0,0,0,0,0,0,0,0
sleeper:BUF,Buffalo Bills,DST,BUF,,,0,0,0,0,0,0,0,0,0,0,0,0,0,0,0,0,0,0,0,1.0,12.0,9.0,0,0,0,0,0,0,0,0
sleeper:CHI,Chicago Bears,DST,CHI,,,0,0,0,0,0,0,0,0,0,0,0,0,0,0,0,0,0,0,0,1.0,12.0,9.0,0,0,0,0,0,0,0,0
sleeper:DET,Detroit Lions,DST,DET,,,0,0,0,0,0,0,0,0,0,0,0,0,0,0,0,0,0,0,0,1.0,12.0,9.0,0,0,0,0,0,0,0,0
sleeper:IND,Indianapolis Colts,DST,IND,,,0,0,0,0,0,0,0,0,0,0,0,0,0,0,0,0,0,0,0,1.0,12.0,9.0,0,0,0,0,0,0,0,0
sleeper:JAX,Jacksonville Jaguars,DST,JAX,,,0,0,0,0,0,0,0,0,0,0,0,0,0,0,0,0,0,0,0,1.0,12.0,9.0,0,0,0,0,0,0,0,0
sleeper:KC,Kansas City Chiefs,DST,KC,,,0,0,0,0,0,0,0,0,0,0,0,0,0,0,0,0,0,0,0,1.0,12.0,9.0,0,0,0,0,0,0,0,0
sleeper:LAC,Los Angeles Chargers,DST,LAC,,,0,0,0,0,0,0,0,0,0,0,0,0,0,0,0,0,0,0,0,1.0,12.0,9.0,0,0,0,0,0,0,0,0
sleeper:12544,LeQuint Allen,RB,JAX,,,0,0,0,0,123.0,1.0,0,16.0,115.0,1.0,0,0,0,0,0,0,0,0,0,0,0,0,0,0,0,0,0,0,0,0
sleeper:1166,Kirk Cousins,QB,LV,,,639.0,5.0,3.0,0,6.0,1.0,0,0,0,0,0,2.0,0,0,0,0,0,0,0,0,0,0,0,0,0,0,0,0,0,0
nflverse:00-0039373,Audric Estimé,RB,NO,,,0,0,0,0,198.0,1.0,0,12.0,103.0,0,0,0,0,0,0,0,0,0,0,0,0,0,0,0,0,0,0,0,0,0
sleeper:ATL,Atlanta Falcons,DST,ATL,,,0,0,0,0,0,0,0,0,0,0,0,0,0,0,0,0,0,0,0,1.0,11.0,9.0,0,0,0,0,0,0,0,0
sleeper:CLE,Cleveland Browns,DST,CLE,,,0,0,0,0,0,0,0,0,0,0,0,0,0,0,0,0,0,0,0,1.0,11.0,9.0,0,0,0,0,0,0,0,0
sleeper:503,Graham Gano,K,NYG,,,0,0,0,0,0,0,0,0,0,0,0,0,9.0,1.0,7.0,2.0,1.0,0,0,0,0,0,0,0,0,0,0,0,0,0
sleeper:6130,Devin Singletary,RB,NYG,,,0,0,0,1.0,41.0,5.0,0,5.0,32.0,0,0,0,0,0,0,0,0,0,0,0,0,0,0,0,0,0,0,0,0,0
nflverse:00-0036988,Josh Palmer,WR,BUF,,,0,0,0,0,0,0,0,22.0,303.0,0,0,0,0,0,0,0,0,0,0,0,0,0,0,0,0,0,0,0,0,0
sleeper:CIN,Cincinnati Bengals,DST,CIN,,,0,0,0,0,0,0,0,0,0,0,0,0,0,0,0,0,0,0,0,1.0,11.0,8.0,0,0,0,0,0,0,0,0
sleeper:DAL,Dallas Cowboys,DST,DAL,,,0,0,0,0,0,0,0,0,0,0,0,0,0,0,0,0,0,0,0,1.0,11.0,8.0,0,0,0,0,0,0,0,0
sleeper:TB,Tampa Bay Buccaneers,DST,TB,,,0,0,0,0,0,0,0,0,0,0,0,0,0,0,0,0,0,0,0,1.0,11.0,8.0,0,0,0,0,0,0,0,0
sleeper:11570,Rasheen Ali,RB,BAL,,,0,0,0,0,120.0,1.0,0,12.0,87.0,1.0,0,0,0,0,0,0,0,0,0,0,0,0,0,0,0,0,0,0,0,0
sleeper:11571,Isaiah Davis,RB,NYJ,,,0,0,0,0,189.0,1.0,0,9.0,68.0,0,1.0,0,0,0,0,0,0,0,0,0,0,0,0,0,0,0,0,0,0,0
sleeper:11608,Isaiah Williams,WR,NYJ,,,0,0,0,0,22.0,0,0,15.0,169.0,1.0,0,1.0,0,0,0,0,0,0,0,0,0,0,0,0,1.0,0,0,0,0,0
sleeper:1339,Zach Ertz,TE,WAS,,,0,0,0,0,0,0,0,20.0,184.0,1.0,1.0,0,0,0,0,0,0,0,0,0,0,0,0,0,0,0,0,0,0,0
sleeper:NO,New Orleans Saints,DST,NO,,,0,0,0,0,0,0,0,0,0,0,0,0,0,0,0,0,0,0,0,1.0,9.0,8.0,0,0,0,0,0,0,0,0
sleeper:WAS,Washington Commanders,DST,WAS,,,0,0,0,0,0,0,0,0,0,0,0,0,0,0,0,0,0,0,0,1.0,10.0,7.0,0,0,0,0,0,0,0,0
sleeper:9229,Anthony Richardson,QB,IND,,,386.0,2.0,2.0,0,91.0,1.0,0,1.0,9.0,0,0,0,0,0,0,0,0,0,0,0,0,0,0,0,0,0,0,0,0,0
sleeper:TEN,Tennessee Titans,DST,TEN,,,0,0,0,0,0,0,0,0,0,0,0,0,0,0,0,0,0,0,0,1.0,9.0,7.0,0,0,0,0,0,0,0,0
sleeper:10218,Xavier Hutchinson,WR,HOU,,,0,0,0,0,22.0,0,0,15.0,181.0,1.0,0,0,0,0,0,0,0,0,0,0,0,0,0,0,0,0,0,0,0,0
sleeper:12718,Konata Mumpfield,WR,LAR,,,0,0,0,0,0,0,0,16.0,197.0,1.0,0,0,0,0,0,0,0,0,0,0,0,0,0,0,0,0,0,0,0,0
sleeper:4017,Deshaun Watson,QB,CLE,,,567.0,3.0,3.0,0,48.0,0,0,0,0,0,0,0,0,0,0,0,0,0,0,0,0,0,0,0,0,0,0,0,0,0
sleeper:4666,Younghoe Koo,K,NYG,,,0,0,0,0,0,0,0,0,0,0,0,0,9.0,1.0,4.0,2.0,1.0,0,0,0,0,0,0,0,0,0,0,0,0,0
sleeper:11370,Chris Brooks,RB,GB,,,0,0,0,0,145.0,1.0,0,10.0,71.0,0,0,0,0,0,0,0,0,0,0,0,0,0,0,0,0,0,0,0,0,0
sleeper:11199,Emari Demercado,RB,KC,,,0,0,0,0,104.0,1.0,0,10.0,72.0,1.0,0,1.0,0,0,0,0,0,0,0,0,0,0,0,0,0,0,0,0,0,0
sleeper:9481,Luke Musgrave,TE,GB,,,0,0,0,0,0,0,0,17.0,176.0,1.0,0,0,0,0,0,0,0,0,0,0,0,0,0,0,0,0,0,0,0,0
sleeper:11626,Xavier Legette,WR,CAR,,,0,0,0,0,6.0,0,0,15.0,180.0,1.0,0,0,0,0,0,0,0,0,0,0,0,0,0,0,0,0,0,0,0,0
sleeper:ARI,Arizona Cardinals,DST,ARI,,,0,0,0,0,0,0,0,0,0,0,0,0,0,0,0,0,0,0,0,1.0,8.0,7.0,0,0,0,0,0,0,0,0
sleeper:LV,Las Vegas Raiders,DST,LV,,,0,0,0,0,0,0,0,0,0,0,0,0,0,0,0,0,0,0,0,1.0,8.0,7.0,0,0,0,0,0,0,0,0
sleeper:MIA,Miami Dolphins,DST,MIA,,,0,0,0,0,0,0,0,0,0,0,0,0,0,0,0,0,0,0,0,1.0,8.0,7.0,0,0,0,0,0,0,0,0
nflverse:00-0022942,Philip Rivers,QB,IND,,,544.0,4.0,3.0,0,-1.0,0,0,0,0,0,0,0,0,0,0,0,0,0,0,0,0,0,0,0,0,0,0,0,0,0
sleeper:11599,Cade Stover,TE,HOU,,,0,0,0,0,3.0,0,0,17.0,163.0,1.0,0,0,0,0,0,0,0,0,0,0,0,0,0,0,0,0,0,0,0,0
nflverse:00-0040206,Riley Leonard,QB,IND,,,415.0,2.0,3.0,0,27.0,2.0,0,0,-3.0,0,0,1.0,0,0,0,0,0,0,0,0,0,0,0,0,0,0,0,0,0,0
sleeper:10231,Elijah Higgins,TE,ARI,,,0,0,0,0,0,0,0,18.0,179.0,1.0,0,1.0,0,0,0,0,0,0,0,0,0,0,0,0,0,0,0,0,0,0
sleeper:19,Joe Flacco,QB,CIN,,,448.0,3.0,2.0,2.0,8.0,1.0,0,0,0,0,0,3.0,0,0,0,0,0,0,0,0,0,0,0,0,0,0,0,0,0,0
nflverse:00-0038738,Hunter Luepke,RB,DAL,,,0,0,0,0,71.0,0,0,13.0,109.0,1.0,0,0,0,0,0,0,0,0,0,0,0,0,0,0,0,0,0,0,0,0
sleeper:5857,Noah Fant,TE,NO,,,0,0,0,0,0,0,0,20.0,203.0,1.0,0,3.0,0,0,0,0,0,0,0,0,0,0,0,0,0,0,0,0,0,0
sleeper:NYJ,New York Jets,DST,NYJ,,,0,0,0,0,0,0,0,0,0,0,0,0,0,0,0,0,0,0,0,1.0,7.0,7.0,0,0,0,0,0,0,0,0
sleeper:8147,John Metchie,WR,CAR,,,0,0,0,0,6.0,0,0,15.0,159.0,1.0,0,0,0,0,0,0,0,0,0,0,0,0,0,0,0,0,0,0,0,0
sleeper:8117,Jalen Tolbert,WR,MIA,,,0,0,0,0,0,0,0,13.0,152.0,1.0,1.0,0,0,0,0,0,0,0,0,0,0,0,0,0,0,0,0,0,0,0
sleeper:11629,Devontez Walker,WR,BAL,,,0,0,0,0,6.0,0,0,6.0,80.0,3.0,0,0,0,0,0,0,0,0,0,0,0,0,0,0,0,0,0,0,0,0
sleeper:12503,Isaiah Bond,WR,CLE,,,0,0,0,0,11.0,0,0,13.0,158.0,1.0,0,0,0,0,0,0,0,0,0,0,0,0,0,0,0,0,0,0,0,0
sleeper:11600,Ja'Tavion Sanders,TE,CAR,,,0,0,0,0,0,0,0,17.0,148.0,1.0,0,0,0,0,0,0,0,0,0,0,0,0,0,0,0,0,0,0,0,0
sleeper:3271,Tyler Higbee,TE,LAR,,,0,0,0,0,0,0,0,16.0,152.0,1.0,0,0,0,0,0,0,0,0,0,0,0,0,0,0,0,0,0,0,0,0
sleeper:12670,KeAndre Lambert-Smith,WR,LAC,,,0,0,0,0,6.0,0,0,13.0,159.0,1.0,0,0,0,0,0,0,0,0,0,0,0,0,0,0,0,0,0,0,0,0
sleeper:12496,Tai Felton,WR,MIN,,,0,0,0,0,7.0,0,0,13.0,158.0,1.0,0,0,0,0,0,0,0,0,0,0,0,0,0,0,0,0,0,0,0,0
sleeper:8200,Kevin Austin,WR,NO,,,0,0,0,0,6.0,0,0,13.0,158.0,1.0,0,0,0,0,0,0,0,0,0,0,0,0,0,0,0,0,0,0,0,0
sleeper:11577,Will Shipley,RB,PHI,,,0,0,0,0,105.0,1.0,0,10.0,73.0,0,0,0,0,0,0,0,0,0,0,0,0,0,0,0,0,0,0,0,0,0
sleeper:8135,Treylon Burks,WR,WAS,,,0,0,0,0,16.0,0,0,12.0,152.0,1.0,0,0,0,0,0,0,0,0,0,0,0,0,0,0,0,0,0,0,0,0
sleeper:4351,Tim Patrick,WR,JAX,,,0,0,0,0,0,0,0,6.0,77.0,3.0,0,0,0,0,0,0,0,0,0,0,0,0,0,0,0,0,0,0,0,0
sleeper:12531,Trevor Etienne,RB,CAR,,,0,0,0,0,164.0,1.0,0,5.0,37.0,0,0,0,0,0,0,0,0,0,0,0,0,0,0,0,0,0,0,0,0,0
sleeper:3286,Demarcus Robinson,WR,SF,,,0,0,0,0,6.0,0,0,11.0,145.0,1.0,1.0,0,0,0,0,0,0,0,0,0,0,0,0,0,0,0,0,0,0,0
nflverse:00-0040398,Brady Cook,QB,NYJ,,,739.0,2.0,7.0,1.0,49.0,0,0,0,0,0,0,1.0,0,0,0,0,0,0,0,0,0,0,0,0,0,0,0,0,0,0
sleeper:8225,Daniel Bellinger,TE,TEN,,,0,0,0,0,0,0,0,15.0,149.0,1.0,0,0,0,0,0,0,0,0,0,0,0,0,0,0,0,0,0,0,0,0
nflverse:00-0034983,Hunter Renfrow,WR,CAR,,,0,0,0,0,0,0,0,15.0,89.0,2.0,0,0,0,0,0,0,0,0,0,0,0,0,0,0,0,0,0,0,0,0
sleeper:7562,Tutu Atwell,WR,MIA,,,0,0,0,0,12.0,0,0,11.0,155.0,1.0,0,0,0,0,0,0,0,0,0,0,0,0,0,0,0,0,0,0,0,0
nflverse:00-0038839,Mitchell Tinsley,WR,CIN,,,0,0,0,0,0,0,0,8.0,116.0,2.0,0,0,0,0,0,0,0,0,0,0,0,0,0,0,0,0,0,0,0,0
sleeper:8800,Malik Davis,RB,DAL,,,0,0,0,0,155.0,1.0,0,5.0,34.0,0,0,0,0,0,0,0,0,0,0,0,0,0,0,0,0,0,0,0,0,0
sleeper:11650,Luke McCaffrey,WR,WAS,,,0,0,0,0,0,0,0,4.0,53.0,3.0,1.0,0,0,0,0,0,0,0,0,0,0,0,0,0,0,0,0,0,0,0
sleeper:6853,Van Jefferson,WR,WAS,,,0,0,0,0,0,0,0,12.0,152.0,1.0,0,0,0,0,0,0,0,0,0,0,0,0,0,0,0,0,0,0,0,0
sleeper:8172,Greg Dulcich,TE,MIA,,,0,0,0,0,-7.0,0,0,16.0,158.0,1.0,0,1.0,0,0,0,0,0,0,0,0,0,0,0,0,0,0,0,0,0,0
sleeper:7527,Mac Jones,QB,SF,,,423.0,3.0,2.0,1.0,18.0,0,0,0,0,0,0,1.0,0,0,0,0,0,0,0,0,0,0,0,0,0,0,0,0,0,0
sleeper:4098,Kareem Hunt,RB,KC,,,0,0,0,0,130.0,1.0,0,3.0,22.0,1.0,0,1.0,0,0,0,0,0,0,0,0,0,0,0,0,0,0,0,0,0,0
sleeper:5970,Greg Dortch,WR,DET,,,0,0,0,0,16.0,1.0,0,10.0,101.0,1.0,0,1.0,0,0,0,0,0,0,0,0,0,0,0,0,0,0,0,0,0,0
sleeper:7670,Joshua Palmer,WR,BUF,,,0,0,0,0,0,0,0,12.0,146.0,1.0,0,0,0,0,0,0,0,0,0,0,0,0,0,0,0,0,0,0,0,0
nflverse:00-0037004,Hunter Long,TE,JAX,,,0,0,0,0,0,0,0,12.0,85.0,2.0,0,0,0,0,0,0,0,0,0,0,0,0,0,0,0,0,0,0,0,0
sleeper:12505,Jalen Royals,WR,KC,,,0,0,0,0,6.0,0,0,12.0,138.0,1.0,0,0,0,0,0,0,0,0,0,0,0,0,0,0,0,0,0,0,0,0
sleeper:8188,Tyquan Thornton,WR,KC,,,0,0,0,0,0,0,0,10.0,153.0,1.0,0,0,0,0,0,0,0,0,0,0,0,0,0,0,0,0,0,0,0,0
sleeper:3202,Austin Hooper,TE,ATL,,,0,0,0,0,0,0,0,14.0,132.0,1.0,0,0,0,0,0,0,0,0,0,0,0,0,0,0,0,0,0,0,0,0
sleeper:10214,Davis Allen,TE,LAR,,,0,0,0,0,0,0,0,6.0,52.0,3.0,0,0,0,0,0,0,0,0,0,0,0,0,0,0,0,0,0,0,0,0
sleeper:5973,Josh Oliver,TE,MIN,,,0,0,0,0,0,0,0,14.0,131.0,1.0,0,0,0,0,0,0,0,0,0,0,0,0,0,0,0,0,0,0,0,0
sleeper:8145,Jeremy Ruckert,TE,NYJ,,,0,0,0,0,0,0,0,14.0,127.0,1.0,0,0,0,0,0,0,0,0,0,0,0,0,0,0,0,0,0,0,0,0
sleeper:2306,Jameis Winston,QB,NYG,,,214.0,1.0,1.0,0,13.0,1.0,0,1.0,33.0,1.0,0,1.0,0,0,0,0,0,0,0,0,0,0,0,0,0,0,0,0,0,0
sleeper:4040,JuJu Smith-Schuster,WR,KC,,,0,0,0,0,6.0,0,0,12.0,130.0,1.0,0,0,0,0,0,0,0,0,0,0,0,0,0,0,0,0,0,0,0,0
sleeper:4454,Kendrick Bourne,WR,ARI,,,0,0,0,0,0,0,0,12.0,136.0,1.0,0,0,0,0,0,0,0,0,0,0,0,0,0,0,0,0,0,0,0,0
sleeper:12473,Mitchell Evans,TE,CAR,,,0,0,0,0,1.0,0,0,13.0,129.0,1.0,0,0,0,0,0,0,0,0,0,0,0,0,0,0,0,0,0,0,0,0
sleeper:6001,Drew Sample,TE,CIN,,,0,0,0,0,3.0,0,0,13.0,126.0,1.0,0,0,0,0,0,0,0,0,0,0,0,0,0,0,0,0,0,0,0,0
sleeper:12658,Jackson Hawes,TE,BUF,,,0,0,0,0,0,0,0,13.0,129.0,1.0,0,0,0,0,0,0,0,0,0,0,0,0,0,0,0,0,0,0,0,0
sleeper:13380,Brenen Thompson,WR,,,,0,0,0,0,0,0,0,11.0,139.0,1.0,0,0,0,0,0,0,0,0,0,0,0,0,0,0,0,0,0,0,0,0
sleeper:7716,John Bates,TE,WAS,,,0,0,0,0,0,0,0,13.0,128.0,1.0,0,0,0,0,0,0,0,0,0,0,0,0,0,0,0,0,0,0,0,0
sleeper:7694,Tommy Tremble,TE,CAR,,,0,0,0,0,0,0,0,13.0,128.0,1.0,0,0,0,0,0,0,0,0,0,0,0,0,0,0,0,0,0,0,0,0
sleeper:4147,Samaje Perine,RB,CIN,,,0,0,0,0,132.0,1.0,0,8.0,60.0,0,0,2.0,0,0,0,0,0,0,0,0,0,0,0,0,0,0,0,0,0,0
sleeper:12542,Efton Chism,WR,NE,,,0,0,0,0,6.0,0,0,12.0,126.0,1.0,0,0,0,0,0,0,0,0,0,0,0,0,0,0,0,0,0,0,0,0
sleeper:2028,Derek Carr,QB,NO,,,447.0,3.0,2.0,0,13.0,0,0,0,0,0,0,1.0,0,0,0,0,0,0,0,0,0,0,0,0,0,0,0,0,0,0
sleeper:11596,Ben Sinnott,TE,WAS,,,0,0,0,0,0,0,0,13.0,124.0,1.0,0,0,0,0,0,0,0,0,0,0,0,0,0,0,0,0,0,0,0,0
sleeper:10871,Luke Schoonmaker,TE,DAL,,,0,0,0,0,0,0,0,13.0,124.0,1.0,0,0,0,0,0,0,0,0,0,0,0,0,0,0,0,0,0,0,0,0
nflverse:00-0036196,Gabe Davis,WR,BUF,,,0,0,0,0,0,0,0,12.0,129.0,1.0,0,0,0,0,0,0,0,0,0,0,0,0,0,0,0,0,0,0,0,0
sleeper:11651,Isaac Guerendo,RB,SF,,,0,0,0,0,145.0,1.0,0,3.0,25.0,0,0,0,0,0,0,0,0,0,0,0,0,0,0,0,0,0,0,0,0,0
sleeper:11588,Jawhar Jordan,RB,HOU,,,0,0,0,0,127.0,1.0,0,5.0,33.0,0,0,0,0,0,0,0,0,0,0,0,0,0,0,0,0,0,0,0,0,0
sleeper:12541,Dont'e Thornton,WR,LV,,,0,0,0,0,0,0,0,10.0,134.0,1.0,0,0,0,0,0,0,0,0,0,0,0,0,0,0,0,0,0,0,0,0
nflverse:00-0033891,Zay Jones,WR,ARI,,,0,0,0,0,0,0,0,12.0,183.0,0,0,0,0,0,0,0,0,0,0,0,0,0,0,0,0,0,0,0,0,0
nflverse:00-0036755,Jaret Patterson,RB,LAC,,,0,0,0,0,159.0,1.0,0,3.0,8.0,0,0,0,0,0,0,0,0,0,0,0,0,0,0,0,0,0,0,0,0,0
sleeper:11377,Tyrell Shavers,WR,BUF,,,0,0,0,0,6.0,0,0,10.0,126.0,1.0,0,0,0,0,0,0,0,0,0,0,0,0,0,0,0,0,0,0,0,0
nflverse:00-0036980,Elijah Moore,WR,BUF,,,0,0,0,0,24.0,1.0,0,9.0,112.0,0,0,0,0,0,0,0,0,0,0,0,0,0,0,0,0,0,0,0,0,0
sleeper:8177,Grant Calcaterra,TE,PHI,,,0,0,0,0,0,0,0,12.0,120.0,1.0,0,0,0,0,0,0,0,0,0,0,0,0,0,0,0,0,0,0,0,0
sleeper:2197,Brandin Cooks,WR,BUF,,,0,0,0,0,0,0,0,10.0,128.0,1.0,0,0,0,0,0,0,0,0,0,0,0,0,0,0,0,0,0,0,0,0
sleeper:11593,Brevyn Spann-Ford,TE,DAL,,,0,0,0,0,0,0,0,12.0,114.0,1.0,0,0,0,0,0,0,0,0,0,0,0,0,0,0,0,0,0,0,0,0
sleeper:13150,Darius Cooper,WR,PHI,,,0,0,0,0,0,0,0,10.0,123.0,1.0,0,0,0,0,0,0,0,0,0,0,0,0,0,0,0,0,0,0,0,0
sleeper:3634,Kalif Raymond,WR,CHI,,,0,0,0,0,11.0,0,0,9.0,116.0,1.0,0,0,0,0,0,0,0,0,0,0,0,0,0,0,0,0,0,0,0,0
sleeper:8258,Cade York,K,NYJ,,,0,0,0,0,0,0,0,0,0,0,0,0,12.0,1.0,0,3.0,0,0,0,0,0,0,0,0,0,0,0,0,0,0
nflverse:00-0038152,Lucas Havrisik,K,GB,,,0,0,0,0,0,0,0,0,0,0,0,0,7.0,0,2.0,1.0,0,1.0,0,0,0,0,0,0,0,0,0,0,0,0
nflverse:00-0038840,Brycen Tremayne,WR,CAR,,,0,0,0,0,0,0,0,14.0,160.0,0,0,0,0,0,0,0,0,0,0,0,0,0,0,0,0,0,0,0,0,0
sleeper:12543,Tahj Brooks,RB,CIN,,,0,0,0,0,132.0,1.0,0,3.0,22.0,0,0,0,0,0,0,0,0,0,0,0,0,0,0,0,0,0,0,0,0,0
sleeper:12523,Jimmy Horn,WR,CAR,,,0,0,0,0,16.0,0,0,9.0,108.0,1.0,0,0,0,0,0,0,0,0,0,0,0,0,0,0,0,0,0,0,0,0
sleeper:5086,Marquez Valdes-Scantling,WR,PIT,,,0,0,0,0,6.0,0,0,8.0,123.0,1.0,0,0,0,0,0,0,0,0,0,0,0,0,0,0,0,0,0,0,0,0
sleeper:2374,Tyler Lockett,WR,LV,,,0,0,0,0,0,0,0,11.0,113.0,1.0,0,0,0,0,0,0,0,0,0,0,0,0,0,0,0,0,0,0,0,0
nflverse:00-0035243,Miles Sanders,RB,DAL,,,0,0,0,0,117.0,1.0,0,8.0,30.0,0,0,1.0,0,0,0,0,0,0,0,0,0,0,0,0,0,0,0,0,0,0
sleeper:6154,David Sills,WR,TB,,,0,0,0,0,6.0,0,0,9.0,113.0,1.0,0,0,0,0,0,0,0,0,0,0,0,0,0,0,0,0,0,0,0,0
sleeper:6869,Adam Trautman,TE,DEN,,,0,0,0,0,0,0,0,11.0,108.0,1.0,0,0,0,0,0,0,0,0,0,0,0,0,0,0,0,0,0,0,0,0
sleeper:7496,Nick Westbrook-Ikhine,WR,IND,,,0,0,0,0,0,0,0,9.0,117.0,1.0,0,0,0,0,0,0,0,0,0,0,0,0,0,0,0,0,0,0,0,0
nflverse:00-0035189,Matthew Wright,K,HOU,,,0,0,0,0,0,0,0,0,0,0,0,0,4.0,0,2.0,3.0,0,0,0,0,0,0,0,0,0,0,0,0,0,0
sleeper:11640,Jermaine Burton,WR,,,,0,0,0,0,6.0,0,0,8.0,114.0,1.0,0,0,0,0,0,0,0,0,0,0,0,0,0,0,0,0,0,0,0,0
sleeper:13404,Garrett Nussmeier,QB,,,,384.0,2.0,2.0,0,25.0,0,0,0,0,0,0,0,0,0,0,0,0,0,0,0,0,0,0,0,0,0,0,0,0,0
sleeper:7891,Brock Wright,TE,DET,,,0,0,0,0,0,0,0,11.0,103.0,1.0,0,0,0,0,0,0,0,0,0,0,0,0,0,0,0,0,0,0,0,0
sleeper:5010,Will Dissly,TE,LAC,,,0,0,0,0,0,0,0,11.0,100.0,1.0,0,0,0,0,0,0,0,0,0,0,0,0,0,0,0,0,0,0,0,0
sleeper:13079,Jahdae Walker,WR,CHI,,,0,0,0,0,0,0,0,9.0,109.0,1.0,0,0,0,0,0,0,0,0,0,0,0,0,0,0,0,0,0,0,0,0
sleeper:12471,DJ Giddens,RB,IND,,,0,0,0,0,105.0,1.0,0,4.0,27.0,0,0,0,0,0,0,0,0,0,0,0,0,0,0,0,0,0,0,0,0,0
sleeper:5230,Michael Badgley,K,BUF,,,0,0,0,0,0,0,0,0,0,0,0,0,9.0,1.0,0,2.0,1.0,0,0,0,0,0,0,0,0,0,0,0,0,0
sleeper:11168,Xavier Smith,WR,LAR,,,0,0,0,0,16.0,0,0,7.0,95.0,1.0,0,0,0,0,0,0,0,0,0,0,0,0,0,0,0,0,0,0,0,0
sleeper:8129,Dameon Pierce,RB,PHI,,,0,0,0,0,106.0,1.0,0,3.0,22.0,0,0,0,0,0,0,0,0,0,0,0,0,0,0,0,0,0,0,0,0,0
sleeper:11630,Roman Wilson,WR,PIT,,,0,0,0,0,0,0,0,9.0,118.0,1.0,0,1.0,0,0,0,0,0,0,0,0,0,0,0,0,0,0,0,0,0,0
nflverse:00-0034959,Andrew Beck,RB,NYJ,,,0,0,0,0,5.0,0,0,6.0,45.0,2.0,0,0,0,0,0,0,0,0,0,0,0,0,0,0,0,0,0,0,0,0
sleeper:5938,Lil'Jordan Humphrey,WR,DEN,,,0,0,0,0,0,0,0,8.0,100.0,1.0,0,0,0,0,0,0,0,0,0,0,0,0,0,0,0,0,0,0,0,0
sleeper:11623,Jordan Whittington,WR,LAR,,,0,0,0,0,6.0,0,0,8.0,87.0,1.0,0,0,0,0,0,0,0,0,0,0,0,0,0,0,0,0,0,0,0,0
nflverse:00-0037306,John FitzPatrick,TE,GB,,,0,0,0,0,0,0,0,12.0,72.0,1.0,0,0,0,0,0,0,0,0,0,0,0,0,0,0,0,0,0,0,0,0
sleeper:10444,Cedric Tillman,WR,CLE,,,0,0,0,0,0,0,0,4.0,52.0,2.0,0,0,0,0,0,0,0,0,0,0,0,0,0,0,0,0,0,0,0,0
sleeper:7585,Davis Mills,QB,HOU,,,211.0,1.0,1.0,1.0,6.0,1.0,0,0,0,0,0,0,0,0,0,0,0,0,0,0,0,0,0,0,0,0,0,0,0,0
sleeper:6699,Gunner Olszewski,WR,NYG,,,33.0,1.0,0,0,6.0,0,0,4.0,50.0,1.0,0,0,0,0,0,0,0,0,0,0,0,0,0,0,0,0,0,0,0,0
sleeper:8208,Tyler Badie,RB,DEN,,,0,0,0,0,32.0,0,0,13.0,92.0,0,0,0,0,0,0,0,0,0,0,0,0,0,0,0,0,0,0,0,0,0
sleeper:8181,Connor Heyward,TE,LV,,,0,0,0,0,14.0,1.0,0,4.0,34.0,1.0,0,0,0,0,0,0,0,0,0,0,0,0,0,0,0,0,0,0,0,0
sleeper:4234,Noah Brown,WR,WAS,,,0,0,0,0,0,0,0,7.0,88.0,1.0,0,0,0,0,0,0,0,0,0,0,0,0,0,0,0,0,0,0,0,0
sleeper:11439,Jaleel McLaughlin,RB,DEN,,,0,0,0,0,83.0,1.0,0,3.0,21.0,0,0,0,0,0,0,0,0,0,0,0,0,0,0,0,0,0,0,0,0,0
sleeper:4381,Taysom Hill,TE,NO,,,57.0,1.0,0,0,20.0,1.0,0,4.0,35.0,0,0,1.0,0,0,0,0,0,0,0,0,0,0,0,0,0,0,0,0,0,0
sleeper:7842,Luke Farrell,TE,SF,,,0,0,0,0,0,0,0,5.0,51.0,2.0,0,1.0,0,0,0,0,0,0,0,0,0,0,0,0,0,0,0,0,0,0
sleeper:4054,Mo Alie-Cox,TE,IND,,,0,0,0,0,0,0,0,8.0,74.0,1.0,0,0,0,0,0,0,0,0,0,0,0,0,0,0,0,0,0,0,0,0
sleeper:4219,Jeremy McNichols,RB,WAS,,,0,0,0,0,42.0,1.0,1.0,5.0,36.0,0,0,1.0,0,0,0,0,0,0,0,0,0,0,0,0,0,0,0,0,0,0
sleeper:5409,Tanner Hudson,TE,CIN,,,0,0,0,0,0,0,0,3.0,28.0,2.0,0,0,0,0,0,0,0,0,0,0,0,0,0,0,0,0,0,0,0,0
sleeper:827,Tyrod Taylor,QB,NYJ,,,205.0,1.0,1.0,0,17.0,1.0,0,0,0,0,0,1.0,0,0,0,0,0,0,0,0,0,0,0,0,0,0,0,0,0,0
nflverse:00-0039379,Jamari Thrash,WR,CLE,,,0,0,0,0,0,0,0,10.0,107.0,0,0,0,0,0,0,0,0,0,0,0,0,0,0,0,0,0,0,0,0,0
nflverse:00-0033246,Johnny Mundt,TE,JAX,,,0,0,0,0,0,0,0,9.0,111.0,0,0,0,0,0,0,0,0,0,0,0,0,0,0,0,0,0,0,0,0,0
sleeper:7757,Ben Skowronek,WR,PIT,,,0,0,0,0,6.0,0,0,4.0,69.0,1.0,0,0,0,0,0,0,0,0,0,0,0,0,0,0,0,0,0,0,0,0
nflverse:00-0039934,Jude McAtamney,K,NYG,,,0,0,0,0,0,0,0,0,0,0,0,0,9.0,0,2.0,0,0,0,0,0,0,0,0,0,0,0,0,0,0,0
nflverse:00-0039623,Mason Tipton,WR,NO,,,0,0,0,0,18.0,0,0,11.0,76.0,0,0,0,0,0,0,0,0,0,0,0,0,0,0,0,0,0,0,0,0,0
nflverse:00-0039757,Terrell Jennings,RB,NE,,,0,0,0,0,73.0,1.0,0,1.0,9.0,0,0,0,0,0,0,0,0,0,0,0,0,0,0,0,0,0,0,0,0,0
sleeper:12482,Savion Williams,WR,GB,,,0,0,0,0,22.0,0,0,5.0,59.0,1.0,0,1.0,0,0,0,0,0,0,0,0,0,0,0,0,0,0,0,0,0,0
sleeper:260,Josh Johnson,QB,CIN,,,176.0,1.0,1.0,0,13.0,1.0,0,0,0,0,0,1.0,0,0,0,0,0,0,0,0,0,0,0,0,0,0,0,0,0,0
sleeper:11433,Nate Adkins,TE,DEN,,,0,0,0,0,0,0,0,6.0,53.0,1.0,0,0,0,0,0,0,0,0,0,0,0,0,0,0,0,0,0,0,0,0
sleeper:2307,Marcus Mariota,QB,WAS,,,188.0,1.0,1.0,1.0,26.0,1.0,0,0,0,0,0,3.0,0,0,0,0,0,0,0,0,0,0,0,0,0,0,0,0,0,0
sleeper:1426,DeAndre Hopkins,WR,BAL,,,0,0,0,0,0,0,0,1.0,15.0,2.0,0,0,0,0,0,0,0,0,0,0,0,0,0,0,0,0,0,0,0,0
nflverse:00-0038891,Shedrick Jackson,WR,LV,,,0,0,0,0,3.0,0,0,4.0,56.0,1.0,0,0,0,0,0,0,0,0,0,0,0,0,0,0,0,0,0,0,0,0
nflverse:00-0037348,Tanner Conner,TE,MIA,,,0,0,0,0,0,0,0,9.0,91.0,0,0,0,0,0,0,0,0,0,0,0,0,0,0,0,0,0,0,0,0,0
sleeper:3161,Carson Wentz,QB,MIN,,,221.0,1.0,1.0,1.0,6.0,0,0,0,0,0,0,0,0,0,0,0,0,0,0,0,0,0,0,0,0,0,0,0,0,0
sleeper:6920,Isaiah Hodgins,WR,NYG,,,0,0,0,0,0,0,0,4.0,52.0,1.0,0,0,0,0,0,0,0,0,0,0,0,0,0,0,0,0,0,0,0,0
nflverse:00-0035291,Trayveon Williams,RB,CLE,,,0,0,0,0,36.0,0,0,8.0,55.0,0,0,0,0,0,0,0,0,0,0,0,0,0,0,0,0,0,0,0,0,0
sleeper:7536,Quintin Morris,TE,JAX,,,0,0,0,0,0,0,0,5.0,46.0,1.0,0,0,0,0,0,0,0,0,0,0,0,0,0,0,0,0,0,0,0,0
nflverse:00-0036959,Michael Bandy,WR,DEN,,,0,0,0,0,0,0,0,4.0,50.0,1.0,0,0,0,0,0,0,0,0,0,0,0,0,0,0,0,0,0,0,0,0
sleeper:3976,Mitchell Trubisky,QB,TEN,,,186.0,1.0,1.0,1.0,15.0,0,0,0,0,0,0,0,0,0,0,0,0,0,0,0,0,0,0,0,0,0,0,0,0,0
nflverse:00-0036727,Adam Prentice,RB,DEN,,,0,0,0,0,44.0,0,0,6.0,53.0,0,0,0,0,0,0,0,0,0,0,0,0,0,0,0,0,0,0,0,0,0
sleeper:7607,Michael Carter,RB,TEN,,,0,0,0,0,29.0,1.0,0,3.0,22.0,0,0,0,0,0,0,0,0,0,0,0,0,0,0,0,0,0,0,0,0,0
sleeper:7595,Tylan Wallace,WR,CLE,,,0,0,0,0,0,0,0,4.0,46.0,1.0,0,0,0,0,0,0,0,0,0,0,0,0,0,0,0,0,0,0,0,0
sleeper:7039,Cody White,WR,SEA,,,0,0,0,0,0,0,0,4.0,45.0,1.0,0,0,0,0,0,0,0,0,0,0,0,0,0,0,0,0,0,0,0,0
nflverse:00-0039394,Casey Washington,WR,ATL,,,0,0,0,0,0,0,0,6.0,94.0,0,0,0,0,0,0,0,0,0,0,0,0,0,0,0,0,0,0,0,0,0
sleeper:1234,Russell Wilson,QB,NYG,,,205.0,1.0,1.0,0,17.0,0,0,0,0,0,0,0,0,0,0,0,0,0,0,0,0,0,0,0,0,0,0,0,0,0
sleeper:9999,Will Levis,QB,TEN,,,205.0,1.0,1.0,0,15.0,0,0,0,0,0,0,0,0,0,0,0,0,0,0,0,0,0,0,0,0,0,0,0,0,0
sleeper:7083,Tyler Huntley,QB,BAL,,,182.0,1.0,1.0,0,24.0,0,0,0,0,0,0,0,0,0,0,0,0,0,0,0,0,0,0,0,0,0,0,0,0,0
sleeper:13306,Taylen Green,QB,,,,183.0,1.0,1.0,0,23.0,0,0,0,0,0,0,0,0,0,0,0,0,0,0,0,0,0,0,0,0,0,0,0,0,0
sleeper:7610,Trey Lance,QB,LAC,,,183.0,1.0,1.0,0,43.0,0,0,0,0,0,0,1.0,0,0,0,0,0,0,0,0,0,0,0,0,0,0,0,0,0,0
nflverse:00-0038465,Malik Heath,WR,GB,,,0,0,0,0,0,0,0,6.0,86.0,0,0,0,0,0,0,0,0,0,0,0,0,0,0,0,0,0,0,0,0,0
sleeper:11256,Tyson Bagent,QB,CHI,,,195.0,1.0,1.0,0,17.0,0,0,0,0,0,0,0,0,0,0,0,0,0,0,0,0,0,0,0,0,0,0,0,0,0
sleeper:7946,Jack Stoll,TE,CLE,,,0,0,0,0,0,0,0,4.0,35.0,1.0,0,0,0,0,0,0,0,0,0,0,0,0,0,0,0,0,0,0,0,0
sleeper:9230,Tanner McKee,QB,PHI,,,198.0,1.0,1.0,0,15.0,0,0,0,0,0,0,0,0,0,0,0,0,0,0,0,0,0,0,0,0,0,0,0,0,0
sleeper:10217,Clayton Tune,QB,GB,,,195.0,1.0,1.0,0,16.0,0,0,0,0,0,0,0,0,0,0,0,0,0,0,0,0,0,0,0,0,0,0,0,0,0
sleeper:4179,Joshua Dobbs,QB,NE,,,195.0,1.0,1.0,0,16.0,0,0,0,0,0,0,0,0,0,0,0,0,0,0,0,0,0,0,0,0,0,0,0,0,0
sleeper:11716,Tip Reiman,TE,ARI,,,0,0,0,0,0,0,0,8.0,74.0,0,0,0,0,0,0,0,0,0,0,0,0,0,0,0,0,0,0,0,0,0
sleeper:1837,Jimmy Garoppolo,QB,LA,,,218.0,1.0,1.0,0,6.0,0,0,0,0,0,0,0,0,0,0,0,0,0,0,0,0,0,0,0,0,0,0,0,0,0
sleeper:12500,Quinn Ewers,QB,MIA,,,195.0,1.0,1.0,0,16.0,0,0,1.0,-6.0,0,0,0,0,0,0,0,0,0,0,0,0,0,0,0,0,0,0,0,0,0
sleeper:11820,Devin Culp,TE,TB,,,0,0,0,0,0,0,0,4.0,33.0,1.0,0,0,0,0,0,0,0,0,0,0,0,0,0,0,0,0,0,0,0,0
sleeper:6136,Jarrett Stidham,QB,DEN,,,198.0,1.0,1.0,0,13.0,0,0,0,0,0,0,0,0,0,0,0,0,0,0,0,0,0,0,0,0,0,0,0,0,0
nflverse:00-0037324,Chris Oladokun,QB,KC,,,235.0,1.0,0,0,18.0,0,0,0,0,0,0,2.0,0,0,0,0,0,0,0,0,0,0,0,0,0,0,0,0,0,0
sleeper:8249,Lucas Krull,TE,DEN,,,0,0,0,0,0,0,0,8.0,72.0,0,0,0,0,0,0,0,0,0,0,0,0,0,0,0,0,0,0,0,0,0
sleeper:11994,Kameron Johnson,WR,TB,,,0,0,0,0,13.0,0,0,2.0,28.0,1.0,0,0,0,0,0,0,0,0,0,0,0,0,0,0,0,0,0,0,0,0
sleeper:4464,Nick Mullens,QB,JAX,,,211.0,1.0,1.0,0,6.0,0,0,0,0,0,0,0,0,0,0,0,0,0,0,0,0,0,0,0,0,0,0,0,0,0
sleeper:5127,Kyle Allen,QB,BUF,,,195.0,1.0,1.0,0,12.0,0,0,0,0,0,0,0,0,0,0,0,0,0,0,0,0,0,0,0,0,0,0,0,0,0
nflverse:00-0039648,David Martin-Robinson,TE,TEN,,,0,0,0,0,0,0,0,4.0,30.0,1.0,0,0,0,0,0,0,0,0,0,0,0,0,0,0,0,0,0,0,0,0
sleeper:6960,Tyler Johnson,WR,NYJ,,,0,0,0,0,0,0,0,3.0,35.0,1.0,0,0,0,0,0,0,0,0,0,0,0,0,0,0,0,0,0,0,0,0
sleeper:6011,Gardner Minshew,QB,ARI,,,189.0,1.0,1.0,0,14.0,0,0,0,0,0,0,0,0,0,0,0,0,0,0,0,0,0,0,0,0,0,0,0,0,0
sleeper:5185,Allen Lazard,WR,NYJ,,,0,0,0,0,0,0,0,3.0,34.0,1.0,0,0,0,0,0,0,0,0,0,0,0,0,0,0,0,0,0,0,0,0
sleeper:12486,Dillon Gabriel,QB,CLE,,,189.0,1.0,1.0,0,13.0,0,0,0,0,0,0,0,0,0,0,0,0,0,0,0,0,0,0,0,0,0,0,0,0,0
sleeper:12510,Jalen Milroe,QB,SEA,,,164.0,1.0,1.0,0,43.0,0,0,0,0,0,0,1.0,0,0,0,0,0,0,0,0,0,0,0,0,0,0,0,0,0,0
sleeper:12511,Will Howard,QB,PIT,,,205.0,1.0,1.0,0,6.0,0,0,0,0,0,0,0,0,0,0,0,0,0,0,0,0,0,0,0,0,0,0,0,0,0
nflverse:00-0037292,Andrew Ogletree,TE,IND,,,0,0,0,0,0,0,0,4.0,27.0,1.0,0,0,0,0,0,0,0,0,0,0,0,0,0,0,0,0,0,0,0,0
sleeper:10212,Josh Whyle,TE,GB,,,0,0,0,0,0,0,0,3.0,32.0,1.0,0,0,0,0,0,0,0,0,0,0,0,0,0,0,0,0,0,0,0,0
nflverse:00-0035298,Scott Miller,WR,PIT,,,0,0,0,0,0,0,0,9.0,62.0,0,0,0,0,0,0,0,0,0,0,0,0,0,0,0,0,0,0,0,0,0
sleeper:2152,Teddy Bridgewater,QB,DET,,,202.0,1.0,1.0,0,5.0,0,0,0,0,0,0,0,0,0,0,0,0,0,0,0,0,0,0,0,0,0,0,0,0,0
nflverse:00-0034407,Ray-Ray McCloud,WR,NYG,,,0,0,0,0,0,0,0,7.0,69.0,0,0,0,0,0,0,0,0,0,0,0,0,0,0,0,0,0,0,0,0,0
nflverse:00-0038824,Ryan Miller,WR,TB,,,0,0,0,0,0,0,0,2.0,34.0,1.0,0,0,0,0,0,0,0,0,0,0,0,0,0,0,0,0,0,0,0,0
sleeper:4082,Curtis Samuel,WR,BUF,,,0,0,0,0,6.0,0,0,2.0,27.0,1.0,0,0,0,0,0,0,0,0,0,0,0,0,0,0,0,0,0,0,0,0
sleeper:12738,Phil Mafah,RB,DAL,,,0,0,0,0,32.0,1.0,0,1.0,4.0,0,0,0,0,0,0,0,0,0,0,0,0,0,0,0,0,0,0,0,0,0
sleeper:6957,James Proche,WR,TEN,,,0,0,0,0,6.0,0,0,6.0,65.0,0,0,0,0,0,0,0,0,0,0,0,0,0,0,0,0,0,0,0,0,0
sleeper:2749,Raheem Mostert,RB,LV,,,0,0,0,0,42.0,0,0,5.0,33.0,0,0,0,0,0,0,0,0,0,0,0,0,0,0,0,0,0,0,0,0,0
sleeper:3269,Chris Moore,WR,WAS,,,0,0,0,0,9.0,0,0,2.0,21.0,1.0,0,0,0,0,0,0,0,0,0,0,0,0,0,0,0,0,0,0,0,0
sleeper:11617,Malachi Corley,WR,CLE,,,0,0,0,0,28.0,0,0,5.0,47.0,0,0,0,0,0,0,0,0,0,0,0,0,0,0,0,0,0,0,0,0,0
sleeper:2359,Ameer Abdullah,RB,IND,,,0,0,0,0,13.0,1.0,0,2.0,15.0,0,0,0,0,0,0,0,0,0,0,0,0,0,0,0,0,0,0,0,0,0
nflverse:00-0037329,Brittain Brown,RB,CHI,,,0,0,0,0,37.0,1.0,0,0,0,0,0,0,0,0,0,0,0,0,0,0,0,0,0,0,0,0,0,0,0,0
nflverse:00-0036332,Josiah Deguara,TE,ARI,,,0,0,0,0,0,0,0,3.0,21.0,1.0,0,0,0,0,0,0,0,0,0,0,0,0,0,0,0,0,0,0,0,0
sleeper:4718,Dare Ogunbowale,RB,HOU,,,0,0,0,0,8.0,1.0,0,4.0,27.0,0,0,1.0,0,0,0,0,0,0,0,0,0,0,0,0,0,0,0,0,0,0
sleeper:11557,Joe Milton,QB,DAL,,,195.0,1.0,1.0,0,16.0,0,0,0,0,0,0,1.0,0,0,0,0,0,0,0,0,0,0,0,0,0,0,0,0,0,0
nflverse:00-0033455,Anthony Firkser,TE,DET,,,0,0,0,0,0,0,0,8.0,53.0,0,0,0,0,0,0,0,0,0,0,0,0,0,0,0,0,0,0,0,0,0
nflverse:00-0038647,Ronnie Bell,WR,NO,,,0,0,0,0,0,0,0,2.0,23.0,1.0,0,0,0,0,0,0,0,0,0,0,0,0,0,0,0,0,0,0,0,0
sleeper:12472,Raheim Sanders,RB,CLE,,,0,0,0,0,20.0,1.0,0,1.0,6.0,0,0,0,0,0,0,0,0,0,0,0,0,0,0,0,0,0,0,0,0,0
sleeper:8230,Ty Chandler,RB,NO,,,0,0,0,0,21.0,0,0,6.0,39.0,0,0,0,0,0,0,0,0,0,0,0,0,0,0,0,0,0,0,0,0,0
sleeper:11299,Zavier Scott,RB,MIN,,,0,0,0,0,21.0,0,0,2.0,16.0,1.0,0,1.0,0,0,0,0,0,0,0,0,0,0,0,0,0,0,0,0,0,0
sleeper:4972,Mason Rudolph,QB,PIT,,,202.0,1.0,1.0,0,6.0,0,0,0,0,0,0,1.0,0,0,0,0,0,0,0,0,0,0,0,0,0,0,0,0,0,0
nflverse:00-0040556,Corey Kiner,RB,ARI,,,0,0,0,0,58.0,0,0,2.0,15.0,0,0,0,0,0,0,0,0,0,0,0,0,0,0,0,0,0,0,0,0,0
sleeper:5985,Foster Moreau,TE,HOU,,,0,0,0,0,0,0,0,6.0,52.0,0,0,0,0,0,0,0,0,0,0,0,0,0,0,0,0,0,0,0,0,0
sleeper:11562,Spencer Rattler,QB,NO,,,202.0,1.0,1.0,0,16.0,0,0,1.0,0,0,0,2.0,0,0,0,0,0,0,0,0,0,0,0,0,0,0,0,0,0,0
nflverse:00-0037617,Hassan Haskins,RB,LAC,,,0,0,0,0,47.0,0,0,4.0,13.0,0,0,0,0,0,0,0,0,0,0,0,0,0,0,0,0,0,0,0,0,0
sleeper:6938,Cam Akers,RB,SEA,,,32.0,1.0,0,0,16.0,0,0,1.0,6.0,0,0,0,0,0,0,0,0,0,0,0,0,0,0,0,0,0,0,0,0,0
sleeper:7587,Dyami Brown,WR,WAS,,,0,0,0,0,6.0,0,0,2.0,23.0,1.0,0,1.0,0,0,0,0,0,0,0,0,0,0,0,0,0,0,0,0,0,0
nflverse:00-0039603,British Brooks,RB,HOU,,,0,0,0,0,78.0,0,0,0,0,0,0,0,0,0,0,0,0,0,0,0,0,0,0,0,0,0,0,0,0,0
sleeper:8204,Bo Melton,WR,GB,,,0,0,0,0,6.0,0,0,4.0,52.0,0,0,0,0,0,0,0,0,0,0,0,0,0,0,0,0,0,0,0,0,0
nflverse:00-0032688,Robbie Chosen,WR,WAS,,,0,0,0,0,0,0,0,5.0,53.0,0,0,0,0,0,0,0,0,0,0,0,0,0,0,0,0,0,0,0,0,0
nflverse:00-0038102,Kenny Pickett,QB,LV,,,188.0,1.0,2.0,0,22.0,0,0,0,0,0,0,1.0,0,0,0,0,0,0,0,0,0,0,0,0,0,0,0,0,0,0
nflverse:00-0038953,Dylan Drummond,WR,ATL,,,0,0,0,0,0,0,0,7.0,42.0,0,0,0,0,0,0,0,0,0,0,0,0,0,0,0,0,0,0,0,0,0
nflverse:00-0036265,AJ Dillon,RB,PHI,,,0,0,0,0,60.0,0,0,3.0,21.0,0,0,1.0,0,0,0,0,0,0,0,0,0,0,0,0,0,0,0,0,0,0
sleeper:4171,Josh Reynolds,WR,NYJ,,,0,0,0,0,0,0,0,3.0,35.0,0,1.0,0,0,0,0,0,0,0,0,0,0,0,0,0,0,0,0,0,0,0
nflverse:00-0034418,Cedrick Wilson Jr.,WR,MIA,,,0,0,0,0,0,0,0,5.0,44.0,0,0,0,0,0,0,0,0,0,0,0,0,0,0,0,0,0,0,0,0,0
sleeper:829,Andy Dalton,QB,PHI,,,208.0,1.0,1.0,0,5.0,0,0,0,0,0,0,2.0,0,0,0,0,0,0,0,0,0,0,0,0,0,0,0,0,0,0
nflverse:00-0039458,Brenden Bates,TE,CLE,,,0,0,0,0,0,0,0,4.0,48.0,0,0,0,0,0,0,0,0,0,0,0,0,0,0,0,0,0,0,0,0,0
nflverse:00-0034419,Braxton Berrios,WR,HOU,,,0,0,0,0,0,0,0,6.0,37.0,0,0,0,0,0,0,0,0,0,0,0,0,0,0,0,0,0,0,0,0,0
sleeper:4189,Eric Saubert,TE,SEA,,,0,0,0,0,0,0,0,3.0,27.0,0,1.0,0,0,0,0,0,0,0,0,0,0,0,0,0,0,0,0,0,0,0
nflverse:00-0036906,Khalil Herbert,RB,NYJ,,,0,0,0,0,52.0,0,0,1.0,4.0,0,0,0,0,0,0,0,0,0,0,0,0,0,0,0,0,0,0,0,0,0
nflverse:00-0036423,Albert Okwuegbunam,TE,LV,,,0,0,0,0,0,0,0,5.0,36.0,0,0,0,0,0,0,0,0,0,0,0,0,0,0,0,0,0,0,0,0,0
sleeper:11371,Julian Hill,TE,NE,,,0,0,0,0,0,0,0,3.0,26.0,0,1.0,0,0,0,0,0,0,0,0,0,0,0,0,0,0,0,0,0,0,0
sleeper:10227,Payne Durham,TE,TB,,,0,0,0,0,0,0,0,4.0,41.0,0,0,0,0,0,0,0,0,0,0,0,0,0,0,0,0,0,0,0,0,0
nflverse:00-0036841,Austin Trammell,WR,JAX,,,0,0,0,0,0,0,0,3.0,46.0,0,0,0,0,0,0,0,0,0,0,0,0,0,0,0,0,0,0,0,0,0
sleeper:7075,Charlie Woerner,TE,ATL,,,0,0,0,0,0,0,0,4.0,40.0,0,0,0,0,0,0,0,0,0,0,0,0,0,0,0,0,0,0,0,0,0
nflverse:00-0038938,Jalin Hyatt,WR,NYG,,,0,0,0,0,0,0,0,5.0,35.0,0,0,0,0,0,0,0,0,0,0,0,0,0,0,0,0,0,0,0,0,0
nflverse:00-0038397,Evan Hull,RB,NO,,,0,0,0,0,48.0,0,0,1.0,6.0,0,0,0,0,0,0,0,0,0,0,0,0,0,0,0,0,0,0,0,0,0
nflverse:00-0036176,Mason Kinsey,WR,TEN,,,0,0,0,0,0,0,0,2.0,48.0,0,0,0,0,0,0,0,0,0,0,0,0,0,0,0,0,0,0,0,0,0
sleeper:12520,Xavier Restrepo,WR,TEN,,,0,0,0,0,6.0,0,0,3.0,37.0,0,0,0,0,0,0,0,0,0,0,0,0,0,0,0,0,0,0,0,0,0
sleeper:8195,Ronnie Rivers,RB,LAR,,,0,0,0,0,21.0,0,0,3.0,20.0,0,0,0,0,0,0,0,0,0,0,0,0,0,0,0,0,0,0,0,0,0
sleeper:12539,Arian Smith,WR,NYJ,,,0,0,0,0,6.0,0,0,3.0,35.0,0,0,0,0,0,0,0,0,0,0,0,0,0,0,0,0,0,0,0,0,0
nflverse:00-0035544,Tom Kennedy,WR,DET,,,0,0,0,0,0,0,0,4.0,36.0,0,0,0,0,0,0,0,0,0,0,0,0,0,0,0,0,0,0,0,0,0
sleeper:11921,Xavier Weaver,WR,ARI,,,0,0,0,0,6.0,0,0,3.0,35.0,0,0,0,0,0,0,0,0,0,0,0,0,0,0,0,0,0,0,0,0,0
sleeper:6945,Antonio Gibson,RB,NE,,,0,0,0,0,4.0,1.0,0,1.0,6.0,0,0,1.0,0,0,0,0,0,0,0,0,0,0,0,0,0,0,0,0,0,0
sleeper:11606,Dallin Holker,TE,,,,0,0,0,0,0,0,0,4.0,35.0,0,0,0,0,0,0,0,0,0,0,0,0,0,0,0,0,0,0,0,0,0
nflverse:00-0040363,Keleki Latu,TE,BUF,,,0,0,0,0,0,0,0,4.0,35.0,0,0,0,0,0,0,0,0,0,0,0,0,0,0,0,0,0,0,0,0,0
sleeper:8885,Tucker Fisk,TE,LAC,,,0,0,0,0,0,0,0,4.0,35.0,0,0,0,0,0,0,0,0,0,0,0,0,0,0,0,0,0,0,0,0,0
sleeper:7568,Brevin Jordan,TE,HOU,,,0,0,0,0,0,0,0,4.0,34.0,0,0,0,0,0,0,0,0,0,0,0,0,0,0,0,0,0,0,0,0,0
sleeper:11034,Jalen Brooks,WR,ARI,,,0,0,0,0,0,0,0,3.0,35.0,0,0,0,0,0,0,0,0,0,0,0,0,0,0,0,0,0,0,0,0,0
nflverse:00-0036842,Kene Nwangwu,RB,NYJ,,,0,0,0,0,49.0,0,0,0,0,0,0,0,0,0,0,0,0,0,0,0,0,0,0,0,0,0,0,0,0,0
nflverse:00-0038579,Aidan O'Connell,QB,LV,,,102.0,0,0,0,7.0,0,0,0,0,0,0,0,0,0,0,0,0,0,0,0,0,0,0,0,0,0,0,0,0,0
nflverse:00-0037487,Deven Thompkins,WR,ATL,,,0,0,0,0,5.0,0,0,3.0,27.0,0,0,0,0,0,0,0,0,0,0,0,0,0,0,0,0,0,0,0,0,0
sleeper:8254,Julius Chestnut,RB,TEN,,,0,0,0,0,20.0,0,0,2.0,16.0,0,0,0,0,0,0,0,0,0,0,0,0,0,0,0,0,0,0,0,0,0
sleeper:12516,Kalel Mullings,RB,TEN,,,0,0,0,0,20.0,0,0,2.0,16.0,0,0,0,0,0,0,0,0,0,0,0,0,0,0,0,0,0,0,0,0,0
nflverse:00-0034854,KhaDarel Hodge,WR,ATL,,,0,0,0,0,0,0,0,3.0,31.0,0,0,0,0,0,0,0,0,0,0,0,0,0,0,0,0,0,0,0,0,0
nflverse:00-0038809,Ben Sims,TE,MIN,,,0,0,0,0,0,0,0,3.0,30.0,0,0,0,0,0,0,0,0,0,0,0,0,0,0,0,0,0,0,0,0,0
nflverse:00-0034386,Justin Watson,WR,HOU,,,0,0,0,0,0,0,0,3.0,30.0,0,0,0,0,0,0,0,0,0,0,0,0,0,0,0,0,0,0,0,0,0
sleeper:10216,Kenny McIntosh,RB,SEA,,,0,0,0,0,16.0,0,0,2.0,18.0,0,0,0,0,0,0,0,0,0,0,0,0,0,0,0,0,0,0,0,0,0
nflverse:00-0037282,James Mitchell,TE,CAR,,,0,0,0,0,0,0,0,3.0,28.0,0,0,0,0,0,0,0,0,0,0,0,0,0,0,0,0,0,0,0,0,0
nflverse:00-0040494,Max Brosmer,QB,MIN,,,328.0,0,4.0,0,11.0,0,0,0,0,0,0,1.0,0,0,0,0,0,0,0,0,0,0,0,0,0,0,0,0,0,0
sleeper:8583,Stone Smartt,TE,PHI,,,0,0,0,0,0,0,0,3.0,27.0,0,0,0,0,0,0,0,0,0,0,0,0,0,0,0,0,0,0,0,0,0
sleeper:11574,Dylan Laube,RB,LV,,,0,0,0,0,21.0,0,0,2.0,10.0,0,0,0,0,0,0,0,0,0,0,0,0,0,0,0,0,0,0,0,0,0
sleeper:8139,Zamir White,RB,LV,,,0,0,0,0,21.0,0,0,2.0,10.0,0,0,0,0,0,0,0,0,0,0,0,0,0,0,0,0,0,0,0,0,0
nflverse:00-0040547,Nate Carter,RB,ATL,,,0,0,0,0,60.0,0,0,0,0,0,0,1.0,0,0,0,0,0,0,0,0,0,0,0,0,0,0,0,0,0,0
nflverse:00-0036679,Shane Buechele,QB,KC,,,88.0,0,0,0,4.0,0,0,0,0,0,0,0,0,0,0,0,0,0,0,0,0,0,0,0,0,0,0,0,0,0
sleeper:8489,Drew Ogletree,TE,IND,,,0,0,0,0,0,0,0,3.0,24.0,0,0,0,0,0,0,0,0,0,0,0,0,0,0,0,0,0,0,0,0,0
sleeper:7612,Dee Eskridge,WR,MIA,,,0,0,0,0,6.0,0,0,2.0,23.0,0,0,0,0,0,0,0,0,0,0,0,0,0,0,0,0,0,0,0,0,0
sleeper:8207,Tyler Goodson,RB,ATL,,,0,0,0,0,13.0,0,0,2.0,15.0,0,0,0,0,0,0,0,0,0,0,0,0,0,0,0,0,0,0,0,0,0
sleeper:4992,Dante Pettis,WR,NO,,,0,0,0,0,6.0,0,0,3.0,37.0,0,0,1.0,0,0,0,0,0,0,0,0,0,0,0,0,0,0,0,0,0,0
sleeper:8527,Dareke Young,WR,LV,,,0,0,0,0,0,0,0,2.0,26.0,0,0,0,0,0,0,0,0,0,0,0,0,0,0,0,0,0,0,0,0,0
nflverse:00-0040432,Beaux Collins,WR,NYG,,,0,0,0,0,0,0,0,2.0,25.0,0,0,0,0,0,0,0,0,0,0,0,0,0,0,0,0,0,0,0,0,0
nflverse:00-0040406,Quentin Skinner,WR,NYJ,,,0,0,0,0,0,0,0,1.0,10.0,0,1.0,0,0,0,0,0,0,0,0,0,0,0,0,0,0,0,0,0,0,0
sleeper:6659,Craig Reynolds,RB,DET,,,0,0,0,0,8.0,0,0,2.0,16.0,0,0,0,0,0,0,0,0,0,0,0,0,0,0,0,0,0,0,0,0,0
sleeper:11201,Blake Whiteheart,TE,CLE,,,0,0,0,0,0,0,0,2.0,24.0,0,0,0,0,0,0,0,0,0,0,0,0,0,0,0,0,0,0,0,0,0
nflverse:00-0037524,Tay Martin,WR,WAS,,,0,0,0,0,0,0,0,2.0,23.0,0,0,0,0,0,0,0,0,0,0,0,0,0,0,0,0,0,0,0,0,0
nflverse:00-0037745,Velus Jones Jr.,RB,SEA,,,0,0,0,0,32.0,0,0,0,0,0,0,0,0,0,0,0,0,0,0,0,0,0,0,0,0,0,0,0,0,0
sleeper:10867,Jake Bobo,WR,SEA,,,0,0,0,0,0,0,0,2.0,22.0,0,0,0,0,0,0,0,0,0,0,0,0,0,0,0,0,0,0,0,0,0
sleeper:11320,Nikko Remigio,WR,KC,,,0,0,0,0,6.0,0,0,1.0,21.0,0,0,0,0,0,0,0,0,0,0,0,0,0,0,0,0,0,0,0,0,0
sleeper:12475,Ricky White,WR,SEA,,,0,0,0,0,0,0,0,2.0,22.0,0,0,0,0,0,0,0,0,0,0,0,0,0,0,0,0,0,0,0,0,0
nflverse:00-0039884,Tahj Washington,WR,MIA,,,0,0,0,0,0,0,0,3.0,37.0,0,0,1.0,0,0,0,0,0,0,0,0,0,0,0,0,0,0,0,0,0,0
sleeper:11581,MarShawn Lloyd,RB,GB,,,0,0,0,0,20.0,0,0,1.0,6.0,0,0,0,0,0,0,0,0,0,0,0,0,0,0,0,0,0,0,0,0,0
sleeper:11729,Sione Vaki,RB,DET,,,0,0,0,0,4.0,0,0,2.0,16.0,0,0,0,0,0,0,0,0,0,0,0,0,0,0,0,0,0,0,0,0,0
sleeper:13121,Ben Yurosek,TE,MIN,,,0,0,0,0,0,0,0,2.0,20.0,0,0,0,0,0,0,0,0,0,0,0,0,0,0,0,0,0,0,0,0,0
sleeper:10210,Cameron Latu,TE,PHI,,,0,0,0,0,0,0,0,2.0,20.0,0,0,0,0,0,0,0,0,0,0,0,0,0,0,0,0,0,0,0,0,0
sleeper:6850,Harrison Bryant,TE,HOU,,,0,0,0,0,0,0,0,2.0,20.0,0,0,0,0,0,0,0,0,0,0,0,0,0,0,0,0,0,0,0,0,0
sleeper:4995,Ian Thomas,TE,LV,,,0,0,0,0,0,0,0,2.0,20.0,0,0,0,0,0,0,0,0,0,0,0,0,0,0,0,0,0,0,0,0,0
sleeper:7602,Kylen Granson,TE,TEN,,,0,0,0,0,0,0,0,2.0,20.0,0,0,0,0,0,0,0,0,0,0,0,0,0,0,0,0,0,0,0,0,0
nflverse:00-0037132,Britain Covey,WR,PHI,,,0,0,0,0,0,0,0,2.0,20.0,0,0,0,0,0,0,0,0,0,0,0,0,0,0,0,0,0,0,0,0,0
nflverse:00-0040317,Jacoby Jones,WR,WAS,,,0,0,0,0,0,0,0,1.0,25.0,0,0,0,0,0,0,0,0,0,0,0,0,0,0,0,0,0,0,0,0,0
nflverse:00-0038728,Jared Wayne,WR,HOU,,,0,0,0,0,0,0,0,2.0,20.0,0,0,0,0,0,0,0,0,0,0,0,0,0,0,0,0,0,0,0,0,0
nflverse:00-0039062,Jonathan Mingo,WR,DAL,,,0,0,0,0,0,0,0,1.0,25.0,0,0,0,0,0,0,0,0,0,0,0,0,0,0,0,0,0,0,0,0,0
sleeper:5154,Trent Sherfield,WR,BUF,,,0,0,0,0,0,0,0,2.0,19.0,0,0,0,0,0,0,0,0,0,0,0,0,0,0,0,0,0,0,0,0,0
nflverse:00-0039686,Colson Yankoff,TE,WAS,,,0,0,0,0,0,0,0,2.0,18.0,0,0,0,0,0,0,0,0,0,0,0,0,0,0,0,0,0,0,0,0,0
sleeper:6820,Clyde Edwards-Helaire,RB,KC,,,0,0,0,0,8.0,0,0,2.0,9.0,0,0,0,0,0,0,0,0,0,0,0,0,0,0,0,0,0,0,0,0,0
nflverse:00-0037340,Zaire Mitchell-Paden,TE,NO,,,0,0,0,0,0,0,0,2.0,17.0,0,0,0,0,0,0,0,0,0,0,0,0,0,0,0,0,0,0,0,0,0
sleeper:11762,Anthony Gould,WR,IND,,,0,0,0,0,6.0,0,0,1.0,16.0,0,0,0,0,0,0,0,0,0,0,0,0,0,0,0,0,0,0,0,0,0
sleeper:12699,LaJohntay Wester,WR,BAL,,,0,0,0,0,6.0,0,0,2.0,30.0,0,0,1.0,0,0,0,0,0,0,0,0,0,0,0,0,0,0,0,0,0,0
nflverse:00-0035628,D'Ernest Johnson,RB,NE,,,0,0,0,0,25.0,0,0,0,0,0,0,0,0,0,0,0,0,0,0,0,0,0,0,0,0,0,0,0,0,0
sleeper:6427,Ashton Dulin,WR,IND,,,0,0,0,0,6.0,0,0,1.0,14.0,0,0,0,0,0,0,0,0,0,0,0,0,0,0,0,0,0,0,0,0,0
sleeper:4274,David Moore,WR,CAR,,,0,0,0,0,12.0,0,0,1.0,8.0,0,0,0,0,0,0,0,0,0,0,0,0,0,0,0,0,0,0,0,0,0
nflverse:00-0040388,Jakobie Keeney-James,WR,GB,,,0,0,0,0,0,0,0,2.0,15.0,0,0,0,0,0,0,0,0,0,0,0,0,0,0,0,0,0,0,0,0,0
sleeper:8168,Skyy Moore,WR,GB,,,0,0,0,0,6.0,0,0,1.0,14.0,0,0,0,0,0,0,0,0,0,0,0,0,0,0,0,0,0,0,0,0,0
sleeper:5008,Durham Smythe,TE,BAL,,,0,0,0,0,0,0,0,2.0,14.0,0,0,0,0,0,0,0,0,0,0,0,0,0,0,0,0,0,0,0,0,0
nflverse:00-0035602,Alex Bachman,WR,LV,,,0,0,0,0,0,0,0,2.0,12.0,0,0,0,0,0,0,0,0,0,0,0,0,0,0,0,0,0,0,0,0,0
sleeper:6847,Devin Duvernay,WR,ARI,,,0,0,0,0,6.0,0,0,2.0,26.0,0,0,1.0,0,0,0,0,0,0,0,0,0,0,0,0,0,0,0,0,0,0
sleeper:12462,Damien Martinez,RB,GB,,,0,0,0,0,21.0,0,0,0,0,0,0,0,0,0,0,0,0,0,0,0,0,0,0,0,0,0,0,0,0,0
nflverse:00-0036425,DeeJay Dallas,RB,JAX,,,0,0,0,0,21.0,0,0,0,0,0,0,0,0,0,0,0,0,0,0,0,0,0,0,0,0,0,0,0,0,0
sleeper:12515,Donovan Edwards,RB,MIA,,,0,0,0,0,21.0,0,0,0,0,0,0,0,0,0,0,0,0,0,0,0,0,0,0,0,0,0,0,0,0,0
nflverse:00-0037015,Sal Cannella,TE,CLE,,,0,0,0,0,0,0,0,2.0,11.0,0,0,0,0,0,0,0,0,0,0,0,0,0,0,0,0,0,0,0,0,0
nflverse:00-0038394,Will Mallory,TE,IND,,,0,0,0,0,0,0,0,1.0,16.0,0,0,0,0,0,0,0,0,0,0,0,0,0,0,0,0,0,0,0,0,0
nflverse:00-0040244,Moliki Matavao,TE,NO,,,0,0,0,0,0,0,0,2.0,10.0,0,0,0,0,0,0,0,0,0,0,0,0,0,0,0,0,0,0,0,0,0
nflverse:00-0040534,Ke'Shawn Williams,WR,CIN,,,0,0,0,0,10.0,0,0,1.0,5.0,0,0,0,0,0,0,0,0,0,0,0,0,0,0,0,0,0,0,0,0,0
nflverse:00-0036497,Tim Jones,WR,JAX,,,0,0,0,0,0,0,0,1.0,15.0,0,0,0,0,0,0,0,0,0,0,0,0,0,0,0,0,0,0,0,0,0
sleeper:13047,Jacardia Wright,RB,SEA,,,0,0,0,0,8.0,0,0,1.0,6.0,0,0,0,0,0,0,0,0,0,0,0,0,0,0,0,0,0,0,0,0,0
sleeper:12634,Jordan Watkins,WR,SF,,,0,0,0,0,0,0,0,1.0,14.0,0,0,0,0,0,0,0,0,0,0,0,0,0,0,0,0,0,0,0,0,0
sleeper:3048,Chris Manhertz,TE,NYG,,,0,0,0,0,0,0,0,1.0,13.0,0,0,0,0,0,0,0,0,0,0,0,0,0,0,0,0,0,0,0,0,0
sleeper:8484,Ko Kieft,TE,TB,,,0,0,0,0,0,0,0,1.0,13.0,0,0,0,0,0,0,0,0,0,0,0,0,0,0,0,0,0,0,0,0,0
sleeper:8041,Shane Zylstra,TE,DET,,,0,0,0,0,0,0,0,1.0,13.0,0,0,0,0,0,0,0,0,0,0,0,0,0,0,0,0,0,0,0,0,0
nflverse:00-0035876,Andre Baccellia,WR,ARI,,,0,0,0,0,0,0,0,2.0,8.0,0,0,0,0,0,0,0,0,0,0,0,0,0,0,0,0,0,0,0,0,0
nflverse:00-0033662,Cooper Rush,QB,BAL,,,303.0,0,4.0,0,-4.0,0,0,0,0,0,0,1.0,0,0,0,0,0,0,0,0,0,0,0,0,0,0,0,0,0,0
nflverse:00-0039021,Roschon Johnson,RB,CHI,,,0,0,0,0,17.0,0,0,0,0,0,0,0,0,0,0,0,0,0,0,0,0,0,0,0,0,0,0,0,0,0
nflverse:00-0039631,Cam Grandy,TE,CIN,,,0,0,0,0,0,0,0,2.0,7.0,0,0,0,0,0,0,0,0,0,0,0,0,0,0,0,0,0,0,0,0,0
nflverse:00-0034073,Ross Dwelley,TE,DET,,,0,0,0,0,0,0,0,2.0,7.0,0,0,0,0,0,0,0,0,0,0,0,0,0,0,0,0,0,0,0,0,0
sleeper:13101,Gage Larvadain,WR,CLE,,,0,0,0,0,3.0,0,0,1.0,9.0,0,0,0,0,0,0,0,0,0,0,0,0,0,0,0,0,0,0,0,0,0
nflverse:00-0038496,Xavier Gipson,WR,PHI,,,0,0,0,0,0,0,0,2.0,6.0,0,0,0,0,0,0,0,0,0,0,0,0,0,0,0,0,0,0,0,0,0
sleeper:7531,Feleipe Franks,TE,CAR,,,0,0,0,0,2.0,0,0,1.0,7.0,0,0,0,0,0,0,0,0,0,0,0,0,0,0,0,0,0,0,0,0,0
sleeper:4602,Robert Tonyan,TE,KC,,,0,0,0,0,0,0,0,1.0,9.0,0,0,0,0,0,0,0,0,0,0,0,0,0,0,0,0,0,0,0,0,0
sleeper:5133,Tyler Conklin,TE,DET,,,0,0,0,0,2.0,0,0,1.0,7.0,0,0,0,0,0,0,0,0,0,0,0,0,0,0,0,0,0,0,0,0,0
nflverse:00-0037013,Zach Wilson,QB,MIA,,,32.0,0,0,0,1.0,0,0,0,0,0,0,0,0,0,0,0,0,0,0,0,0,0,0,0,0,0,0,0,0,0
nflverse:00-0039650,Bryce Oliver,WR,TEN,,,0,0,0,0,0,0,0,1.0,8.0,0,0,0,0,0,0,0,0,0,0,0,0,0,0,0,0,0,0,0,0,0
sleeper:2750,DeAndre Carter,WR,CLE,,,0,0,0,0,11.0,0,0,1.0,17.0,0,0,1.0,0,0,0,0,0,0,0,0,0,0,0,0,0,0,0,0,0,0
sleeper:11616,Jacob Cowing,WR,SF,,,0,0,0,0,0,0,0,1.0,7.0,0,0,0,0,0,0,0,0,0,0,0,0,0,0,0,0,0,0,0,0,0
sleeper:7561,Elijah Mitchell,RB,NE,,,0,0,0,0,0,0,0,1.0,6.0,0,0,0,0,0,0,0,0,0,0,0,0,0,0,0,0,0,0,0,0,0
nflverse:00-0038896,Jacob Saylors,RB,DET,,,0,0,0,0,11.0,0,0,0,0,0,0,0,0,0,0,0,0,0,0,0,0,0,0,0,0,0,0,0,0,0
nflverse:00-0040429,Josh Williams,RB,TB,,,0,0,0,0,11.0,0,0,0,0,0,0,0,0,0,0,0,0,0,0,0,0,0,0,0,0,0,0,0,0,0
nflverse:00-0033439,Pharaoh Brown,TE,ARI,,,0,0,0,0,0,0,0,2.0,1.0,0,0,0,0,0,0,0,0,0,0,0,0,0,0,0,0,0,0,0,0,0
sleeper:10234,Derius Davis,WR,LAC,,,0,0,0,0,11.0,0,0,2.0,10.0,0,0,1.0,0,0,0,0,0,0,0,0,0,0,0,0,0,0,0,0,0,0
nflverse:00-0039824,Jared Wiley,TE,KC,,,0,0,0,0,0,0,0,1.0,4.0,0,0,0,0,0,0,0,0,0,0,0,0,0,0,0,0,0,0,0,0,0
nflverse:00-0037755,Jelani Woods,TE,NYJ,,,0,0,0,0,0,0,0,1.0,4.0,0,0,0,0,0,0,0,0,0,0,0,0,0,0,0,0,0,0,0,0,0
nflverse:00-0032434,Brandon Allen,QB,TEN,,,72.0,0,1.0,0,0,0,0,0,0,0,0,0,0,0,0,0,0,0,0,0,0,0,0,0,0,0,0,0,0,0
nflverse:00-0040039,Amar Johnson,RB,LAC,,,0,0,0,0,8.0,0,0,0,0,0,0,0,0,0,0,0,0,0,0,0,0,0,0,0,0,0,0,0,0,0
nflverse:00-0040488,Carter Runyon,TE,LV,,,0,0,0,0,0,0,0,1.0,3.0,0,0,0,0,0,0,0,0,0,0,0,0,0,0,0,0,0,0,0,0,0
nflverse:00-0040628,Drake Dabney,TE,GB,,,0,0,0,0,0,0,0,1.0,3.0,0,0,0,0,0,0,0,0,0,0,0,0,0,0,0,0,0,0,0,0,0
nflverse:00-0037098,Samori Toure,WR,NO,,,0,0,0,0,0,0,0,1.0,3.0,0,0,0,0,0,0,0,0,0,0,0,0,0,0,0,0,0,0,0,0,0
nflverse:00-0035311,Myles Gaskin,RB,SEA,,,0,0,0,0,6.0,0,0,0,0,0,0,0,0,0,0,0,0,0,0,0,0,0,0,0,0,0,0,0,0,0
nflverse:00-0038458,Owen Wright,RB,TB,,,0,0,0,0,6.0,0,0,0,0,0,0,0,0,0,0,0,0,0,0,0,0,0,0,0,0,0,0,0,0,0
nflverse:00-0039305,Jack Westover,TE,NE,,,0,0,0,0,0,0,0,1.0,0,0,0,0,0,0,0,0,0,0,0,0,0,0,0,0,0,0,0,0,0,0
nflverse:00-0039266,Kendall Milton,RB,CIN,,,0,0,0,0,2.0,0,0,0,0,0,0,0,0,0,0,0,0,0,0,0,0,0,0,0,0,0,0,0,0,0
nflverse:00-0035704,Drew Lock,QB,SEA,,,15.0,0,0,0,-5.0,0,0,0,0,0,0,0,0,0,0,0,0,0,0,0,0,0,0,0,0,0,0,0,0,0
nflverse:00-0038911,Malik Cunningham,WR,DET,,,0,0,0,0,1.0,0,0,0,0,0,0,0,0,0,0,0,0,0,0,0,0,0,0,0,0,0,0,0,0,0
nflverse:00-0039577,Kedon Slovis,QB,ARI,,,-2.0,0,0,0,0,0,0,0,0,0,0,0,0,0,0,0,0,0,0,0,0,0,0,0,0,0,0,0,0,0
nflverse:00-0038658,Adrian Martinez,QB,SF,,,0,0,0,0,-1.0,0,0,0,0,0,0,0,0,0,0,0,0,0,0,0,0,0,0,0,0,0,0,0,0,0
nflverse:00-0034367,Nyheim Hines,RB,NO,,,0,0,0,0,-2.0,0,0,0,0,0,0,0,0,0,0,0,0,0,0,0,0,0,0,0,0,0,0,0,0,0
nflverse:00-0035594,Travis Homer,RB,CHI,,,0,0,0,0,-2.0,0,0,0,0,0,0,0,0,0,0,0,0,0,0,0,0,0,0,0,0,0,0,0,0,0
